{
    "labels": {
        "image_pixel_points": [
            [
                463,
                175
            ],
            [
                333,
                184
            ],
            [
                195,
                176
            ]
        ],
        "lidar_3d_points_millimeters": [
            [
                -6.666666666666667,
                0,
                656.6666666666666
            ],
            [
                -120.0,
                0,
                693.3333333333334
            ],
            [
                -236.66666666666666,
                0,
                610.0
            ]
        ]
    }
}