{
    "labels": {
        "image_pixel_points": [
            [
                646,
                111
            ],
            [
                401,
                135
            ],
            [
                167,
                109
            ]
        ],
        "lidar_3d_points_millimeters": [
            [
                93.33333333333334,
                0,
                393.3333333333333
            ],
            [
                -40.0,
                0,
                440.0
            ],
            [
                -146.66666666666666,
                0,
                353.3333333333333
            ]
        ]
    }
}