{
    "labels": {
        "image_pixel_points": [
            [
                528,
                180
            ],
            [
                411,
                192
            ],
            [
                299,
                191
            ]
        ],
        "lidar_3d_points_millimeters": [
            [
                60.0,
                0,
                740.0
            ],
            [
                -56.666666666666664,
                0,
                796.6666666666666
            ],
            [
                -173.33333333333334,
                0,
                706.6666666666666
            ]
        ]
    }
}