{
    "labels": {
        "image_pixel_points": [
            [
                675,
                111
            ],
            [
                461,
                145
            ],
            [
                261,
                143
            ]
        ],
        "lidar_3d_points_millimeters": [
            [
                110.0,
                0,
                433.33333333333337
            ],
            [
                -6.666666666666667,
                0,
                503.3333333333333
            ],
            [
                -136.66666666666666,
                0,
                426.6666666666667
            ]
        ]
    }
}