{
    "labels": {
        "image_pixel_points": [
            [
                588,
                214
            ],
            [
                511,
                215
            ],
            [
                447,
                216
            ]
        ],
        "lidar_3d_points_millimeters": [
            [
                240.0,
                0,
                1150.0
            ],
            [
                126.66666666666667,
                0,
                1220.0
            ],
            [
                -10.0,
                0,
                1156.6666666666667
            ]
        ]
    }
}