{
    "labels": {
        "image_pixel_points": [
            [
                420,
                213
            ],
            [
                338,
                213
            ],
            [
                264,
                208
            ]
        ],
        "lidar_3d_points_millimeters": [
            [
                -80.0,
                0,
                1110.0
            ],
            [
                -206.66666666666666,
                0,
                1136.6666666666667
            ],
            [
                -310.0,
                0,
                1036.6666666666665
            ]
        ]
    }
}