{
    "labels": {
        "image_pixel_points": [
            [
                480,
                202
            ],
            [
                392,
                206
            ],
            [
                309,
                210
            ]
        ],
        "lidar_3d_points_millimeters": [
            [
                33.333333333333336,
                0,
                966.6666666666666
            ],
            [
                -100.0,
                0,
                1030.0
            ],
            [
                -213.33333333333334,
                0,
                926.6666666666666
            ]
        ]
    }
}