{
    "labels": {
        "image_pixel_points": [
            [
                670,
                108
            ],
            [
                463,
                146
            ],
            [
                260,
                143
            ]
        ],
        "lidar_3d_points_millimeters": [
            [
                110.0,
                0,
                433.33333333333337
            ],
            [
                -16.666666666666668,
                0,
                503.3333333333333
            ],
            [
                -140.0,
                0,
                433.33333333333337
            ]
        ]
    }
}