{
    "labels": {
        "image_pixel_points": [
            [
                640,
                108
            ],
            [
                400,
                138
            ],
            [
                165,
                110
            ]
        ],
        "lidar_3d_points_millimeters": [
            [
                76.66666666666666,
                0,
                393.3333333333333
            ],
            [
                -40.0,
                0,
                440.0
            ],
            [
                -136.66666666666666,
                0,
                366.66666666666663
            ]
        ]
    }
}