{
    "labels": {
        "image_pixel_points": [
            [
                463,
                174
            ],
            [
                331,
                185
            ],
            [
                195,
                179
            ]
        ],
        "lidar_3d_points_millimeters": [
            [
                -13.333333333333334,
                0,
                646.6666666666666
            ],
            [
                -130.0,
                0,
                700.0
            ],
            [
                -243.33333333333334,
                0,
                603.3333333333334
            ]
        ]
    }
}