{
    "labels": {
        "image_pixel_points": [
            [
                462,
                210
            ],
            [
                386,
                217
            ],
            [
                324,
                219
            ]
        ],
        "lidar_3d_points_millimeters": [
            [
                30.0,
                0,
                1163.3333333333333
            ],
            [
                -103.33333333333333,
                0,
                1210.0
            ],
            [
                -210.0,
                0,
                1130.0
            ]
        ]
    }
}