{
    "labels": {
        "image_pixel_points": [
            [
                639,
                113
            ],
            [
                401,
                141
            ],
            [
                166,
                109
            ]
        ],
        "lidar_3d_points_millimeters": [
            [
                70.0,
                0,
                390.0
            ],
            [
                -33.333333333333336,
                0,
                443.33333333333337
            ],
            [
                -160.0,
                0,
                346.6666666666667
            ]
        ]
    }
}