{
    "labels": {
        "image_pixel_points": [
            [
                462,
                174
            ],
            [
                330,
                185
            ],
            [
                197,
                178
            ]
        ],
        "lidar_3d_points_millimeters": [
            [
                0.0,
                0,
                643.3333333333333
            ],
            [
                -136.66666666666666,
                0,
                700.0
            ],
            [
                -236.66666666666666,
                0,
                603.3333333333334
            ]
        ]
    }
}