{
    "labels": {
        "image_pixel_points": [
            [
                417,
                214
            ],
            [
                342,
                214
            ],
            [
                262,
                210
            ]
        ],
        "lidar_3d_points_millimeters": [
            [
                -76.66666666666666,
                0,
                1096.6666666666667
            ],
            [
                -196.66666666666666,
                0,
                1136.6666666666667
            ],
            [
                -310.0,
                0,
                1030.0
            ]
        ]
    }
}