{
    "labels": {
        "image_pixel_points": [
            [
                743,
                197
            ],
            [
                609,
                196
            ],
            [
                501,
                188
            ]
        ],
        "lidar_3d_points_millimeters": [
            [
                300.0,
                0,
                723.3333333333334
            ],
            [
                170.0,
                0,
                800.0
            ],
            [
                66.66666666666667,
                0,
                750.0
            ]
        ]
    }
}