{
    "labels": {
        "image_pixel_points": [
            [
                552,
                174
            ],
            [
                420,
                184
            ],
            [
                293,
                179
            ]
        ],
        "lidar_3d_points_millimeters": [
            [
                80.0,
                0,
                653.3333333333334
            ],
            [
                -20.0,
                0,
                703.3333333333334
            ],
            [
                -143.33333333333334,
                0,
                643.3333333333333
            ]
        ]
    }
}