{
    "labels": {
        "image_pixel_points": [
            [
                415,
                216
            ],
            [
                339,
                215
            ],
            [
                264,
                210
            ]
        ],
        "lidar_3d_points_millimeters": [
            [
                -73.33333333333333,
                0,
                1096.6666666666667
            ],
            [
                -206.66666666666666,
                0,
                1146.6666666666667
            ],
            [
                -303.33333333333337,
                0,
                1056.6666666666667
            ]
        ]
    }
}