{
    "labels": {
        "image_pixel_points": [
            [
                643,
                110
            ],
            [
                402,
                138
            ],
            [
                167,
                111
            ]
        ],
        "lidar_3d_points_millimeters": [
            [
                83.33333333333333,
                0,
                386.6666666666667
            ],
            [
                -46.66666666666667,
                0,
                440.0
            ],
            [
                -150.0,
                0,
                356.6666666666667
            ]
        ]
    }
}