{
    "labels": {
        "image_pixel_points": [
            [
                481,
                198
            ],
            [
                392,
                210
            ],
            [
                309,
                207
            ]
        ],
        "lidar_3d_points_millimeters": [
            [
                33.333333333333336,
                0,
                956.6666666666666
            ],
            [
                -86.66666666666667,
                0,
                1010.0
            ],
            [
                -213.33333333333334,
                0,
                933.3333333333334
            ]
        ]
    }
}