{
    "labels": {
        "image_pixel_points": [
            [
                463,
                172
            ],
            [
                330,
                187
            ],
            [
                195,
                179
            ]
        ],
        "lidar_3d_points_millimeters": [
            [
                -3.3333333333333335,
                0,
                646.6666666666666
            ],
            [
                -126.66666666666667,
                0,
                706.6666666666666
            ],
            [
                -233.33333333333334,
                0,
                616.6666666666667
            ]
        ]
    }
}