{
    "labels": {
        "image_pixel_points": [
            [
                554,
                174
            ],
            [
                421,
                187
            ],
            [
                295,
                184
            ]
        ],
        "lidar_3d_points_millimeters": [
            [
                93.33333333333334,
                0,
                646.6666666666666
            ],
            [
                -30.0,
                0,
                706.6666666666666
            ],
            [
                -156.66666666666669,
                0,
                630.0
            ]
        ]
    }
}