{
    "labels": {
        "image_pixel_points": [
            [
                641,
                108
            ],
            [
                405,
                140
            ],
            [
                171,
                114
            ]
        ],
        "lidar_3d_points_millimeters": [
            [
                76.66666666666666,
                0,
                386.6666666666667
            ],
            [
                -56.666666666666664,
                0,
                443.33333333333337
            ],
            [
                -150.0,
                0,
                350.0
            ]
        ]
    }
}