{
    "labels": {
        "image_pixel_points": [
            [
                418,
                214
            ],
            [
                338,
                213
            ],
            [
                265,
                208
            ]
        ],
        "lidar_3d_points_millimeters": [
            [
                -66.66666666666667,
                0,
                1096.6666666666667
            ],
            [
                -203.33333333333334,
                0,
                1136.6666666666667
            ],
            [
                -310.0,
                0,
                1043.3333333333333
            ]
        ]
    }
}