{
    "labels": {
        "image_pixel_points": [
            [
                554,
                174
            ],
            [
                421,
                185
            ],
            [
                296,
                180
            ]
        ],
        "lidar_3d_points_millimeters": [
            [
                90.0,
                0,
                643.3333333333333
            ],
            [
                -46.66666666666667,
                0,
                720.0
            ],
            [
                -150.0,
                0,
                633.3333333333333
            ]
        ]
    }
}