{
    "labels": {
        "image_pixel_points": [
            [
                555,
                171
            ],
            [
                421,
                186
            ],
            [
                295,
                181
            ]
        ],
        "lidar_3d_points_millimeters": [
            [
                76.66666666666666,
                0,
                650.0
            ],
            [
                -46.66666666666667,
                0,
                706.6666666666666
            ],
            [
                -156.66666666666669,
                0,
                630.0
            ]
        ]
    }
}