{
    "labels": {
        "image_pixel_points": [
            [
                528,
                180
            ],
            [
                411,
                190
            ],
            [
                300,
                192
            ]
        ],
        "lidar_3d_points_millimeters": [
            [
                53.333333333333336,
                0,
                743.3333333333333
            ],
            [
                -50.0,
                0,
                793.3333333333334
            ],
            [
                -163.33333333333334,
                0,
                723.3333333333334
            ]
        ]
    }
}