{
    "labels": {
        "image_pixel_points": [
            [
                672,
                114
            ],
            [
                462,
                150
            ],
            [
                262,
                144
            ]
        ],
        "lidar_3d_points_millimeters": [
            [
                113.33333333333333,
                0,
                433.33333333333337
            ],
            [
                -3.3333333333333335,
                0,
                506.6666666666667
            ],
            [
                -143.33333333333334,
                0,
                440.0
            ]
        ]
    }
}