{
    "labels": {
        "image_pixel_points": [
            [
                640,
                108
            ],
            [
                400,
                138
            ],
            [
                166,
                109
            ]
        ],
        "lidar_3d_points_millimeters": [
            [
                80.0,
                0,
                390.0
            ],
            [
                -26.666666666666668,
                0,
                436.66666666666663
            ],
            [
                -143.33333333333334,
                0,
                360.0
            ]
        ]
    }
}