{
    "labels": {
        "image_pixel_points": [
            [
                480,
                197
            ],
            [
                392,
                207
            ],
            [
                308,
                211
            ]
        ],
        "lidar_3d_points_millimeters": [
            [
                43.333333333333336,
                0,
                953.3333333333334
            ],
            [
                -100.0,
                0,
                1016.6666666666666
            ],
            [
                -216.66666666666669,
                0,
                940.0
            ]
        ]
    }
}