{
    "labels": {
        "image_pixel_points": [
            [
                553,
                175
            ],
            [
                420,
                186
            ],
            [
                296,
                181
            ]
        ],
        "lidar_3d_points_millimeters": [
            [
                96.66666666666667,
                0,
                636.6666666666667
            ],
            [
                -46.66666666666667,
                0,
                720.0
            ],
            [
                -153.33333333333331,
                0,
                636.6666666666667
            ]
        ]
    }
}