{
    "labels": {
        "image_pixel_points": [
            [
                672,
                113
            ],
            [
                460,
                148
            ],
            [
                262,
                145
            ]
        ],
        "lidar_3d_points_millimeters": [
            [
                106.66666666666667,
                0,
                433.33333333333337
            ],
            [
                -3.3333333333333335,
                0,
                496.66666666666663
            ],
            [
                -126.66666666666667,
                0,
                430.0
            ]
        ]
    }
}