{
    "labels": {
        "image_pixel_points": [
            [
                480,
                199
            ],
            [
                391,
                208
            ],
            [
                308,
                209
            ]
        ],
        "lidar_3d_points_millimeters": [
            [
                6.666666666666667,
                0,
                966.6666666666666
            ],
            [
                -93.33333333333334,
                0,
                1006.6666666666666
            ],
            [
                -213.33333333333334,
                0,
                943.3333333333334
            ]
        ]
    }
}