{
    "labels": {
        "image_pixel_points": [
            [
                639,
                110
            ],
            [
                402,
                139
            ],
            [
                165,
                111
            ]
        ],
        "lidar_3d_points_millimeters": [
            [
                76.66666666666666,
                0,
                386.6666666666667
            ],
            [
                -43.333333333333336,
                0,
                440.0
            ],
            [
                -150.0,
                0,
                356.6666666666667
            ]
        ]
    }
}