{
    "labels": {
        "image_pixel_points": [
            [
                480,
                199
            ],
            [
                392,
                208
            ],
            [
                308,
                211
            ]
        ],
        "lidar_3d_points_millimeters": [
            [
                36.666666666666664,
                0,
                956.6666666666666
            ],
            [
                -86.66666666666667,
                0,
                1023.3333333333335
            ],
            [
                -210.0,
                0,
                936.6666666666666
            ]
        ]
    }
}