{
    "labels": {
        "image_pixel_points": [
            [
                671,
                112
            ],
            [
                463,
                145
            ],
            [
                262,
                146
            ]
        ],
        "lidar_3d_points_millimeters": [
            [
                110.0,
                0,
                436.66666666666663
            ],
            [
                -3.3333333333333335,
                0,
                513.3333333333333
            ],
            [
                -126.66666666666667,
                0,
                443.33333333333337
            ]
        ]
    }
}