{
    "labels": {
        "image_pixel_points": [
            [
                464,
                209
            ],
            [
                388,
                217
            ],
            [
                325,
                220
            ]
        ],
        "lidar_3d_points_millimeters": [
            [
                10.0,
                0,
                1180.0
            ],
            [
                -106.66666666666667,
                0,
                1220.0
            ],
            [
                -216.66666666666669,
                0,
                1133.3333333333333
            ]
        ]
    }
}