{
    "labels": {
        "image_pixel_points": [
            [
                419,
                218
            ],
            [
                338,
                215
            ],
            [
                264,
                212
            ]
        ],
        "lidar_3d_points_millimeters": [
            [
                -73.33333333333333,
                0,
                1103.3333333333333
            ],
            [
                -203.33333333333334,
                0,
                1130.0
            ],
            [
                -313.33333333333337,
                0,
                1030.0
            ]
        ]
    }
}