{
    "labels": {
        "image_pixel_points": [
            [
                673,
                113
            ],
            [
                462,
                146
            ],
            [
                262,
                140
            ]
        ],
        "lidar_3d_points_millimeters": [
            [
                106.66666666666667,
                0,
                426.6666666666667
            ],
            [
                -13.333333333333334,
                0,
                503.3333333333333
            ],
            [
                -133.33333333333334,
                0,
                433.33333333333337
            ]
        ]
    }
}