{
    "labels": {
        "image_pixel_points": [
            [
                528,
                180
            ],
            [
                409,
                192
            ],
            [
                301,
                192
            ]
        ],
        "lidar_3d_points_millimeters": [
            [
                70.0,
                0,
                743.3333333333333
            ],
            [
                -53.333333333333336,
                0,
                796.6666666666666
            ],
            [
                -166.66666666666666,
                0,
                720.0
            ]
        ]
    }
}