{
    "labels": {
        "image_pixel_points": [
            [
                459,
                208
            ],
            [
                389,
                220
            ],
            [
                323,
                221
            ]
        ],
        "lidar_3d_points_millimeters": [
            [
                23.333333333333336,
                0,
                1173.3333333333333
            ],
            [
                -106.66666666666667,
                0,
                1216.6666666666665
            ],
            [
                -210.0,
                0,
                1146.6666666666667
            ]
        ]
    }
}