{
    "labels": {
        "image_pixel_points": [
            [
                674,
                112
            ],
            [
                462,
                149
            ],
            [
                262,
                143
            ]
        ],
        "lidar_3d_points_millimeters": [
            [
                100.0,
                0,
                430.0
            ],
            [
                -10.0,
                0,
                503.3333333333333
            ],
            [
                -133.33333333333334,
                0,
                436.66666666666663
            ]
        ]
    }
}