{
    "labels": {
        "image_pixel_points": [
            [
                462,
                214
            ],
            [
                390,
                218
            ],
            [
                325,
                217
            ]
        ],
        "lidar_3d_points_millimeters": [
            [
                6.666666666666667,
                0,
                1176.6666666666667
            ],
            [
                -113.33333333333333,
                0,
                1220.0
            ],
            [
                -216.66666666666669,
                0,
                1143.3333333333333
            ]
        ]
    }
}