{
    "labels": {
        "image_pixel_points": [
            [
                529,
                178
            ],
            [
                411,
                192
            ],
            [
                301,
                194
            ]
        ],
        "lidar_3d_points_millimeters": [
            [
                50.0,
                0,
                743.3333333333333
            ],
            [
                -53.333333333333336,
                0,
                793.3333333333334
            ],
            [
                -180.0,
                0,
                726.6666666666666
            ]
        ]
    }
}