{
    "labels": {
        "image_pixel_points": [
            [
                553,
                173
            ],
            [
                421,
                187
            ],
            [
                294,
                181
            ]
        ],
        "lidar_3d_points_millimeters": [
            [
                76.66666666666666,
                0,
                650.0
            ],
            [
                -40.0,
                0,
                713.3333333333334
            ],
            [
                -146.66666666666666,
                0,
                633.3333333333333
            ]
        ]
    }
}