{
    "labels": {
        "image_pixel_points": [
            [
                461,
                210
            ],
            [
                388,
                214
            ],
            [
                322,
                219
            ]
        ],
        "lidar_3d_points_millimeters": [
            [
                20.0,
                0,
                1160.0
            ],
            [
                -103.33333333333333,
                0,
                1213.3333333333335
            ],
            [
                -216.66666666666669,
                0,
                1123.3333333333333
            ]
        ]
    }
}