{
    "labels": {
        "image_pixel_points": [
            [
                588,
                215
            ],
            [
                511,
                216
            ],
            [
                444,
                216
            ]
        ],
        "lidar_3d_points_millimeters": [
            [
                233.33333333333334,
                0,
                1176.6666666666667
            ],
            [
                110.0,
                0,
                1230.0
            ],
            [
                -13.333333333333334,
                0,
                1146.6666666666667
            ]
        ]
    }
}