{
    "labels": {
        "image_pixel_points": [
            [
                738,
                196
            ],
            [
                606,
                199
            ],
            [
                501,
                189
            ]
        ],
        "lidar_3d_points_millimeters": [
            [
                290.0,
                0,
                710.0
            ],
            [
                180.0,
                0,
                810.0
            ],
            [
                66.66666666666667,
                0,
                753.3333333333333
            ]
        ]
    }
}