{
    "labels": {
        "image_pixel_points": [
            [
                639,
                109
            ],
            [
                403,
                135
            ],
            [
                167,
                111
            ]
        ],
        "lidar_3d_points_millimeters": [
            [
                90.0,
                0,
                380.0
            ],
            [
                -33.333333333333336,
                0,
                443.33333333333337
            ],
            [
                -150.0,
                0,
                353.3333333333333
            ]
        ]
    }
}