{
    "labels": {
        "image_pixel_points": [
            [
                676,
                111
            ],
            [
                461,
                151
            ],
            [
                261,
                142
            ]
        ],
        "lidar_3d_points_millimeters": [
            [
                96.66666666666667,
                0,
                426.6666666666667
            ],
            [
                -16.666666666666668,
                0,
                500.0
            ],
            [
                -143.33333333333334,
                0,
                423.3333333333333
            ]
        ]
    }
}