{
    "labels": {
        "image_pixel_points": [
            [
                463,
                211
            ],
            [
                387,
                216
            ],
            [
                325,
                218
            ]
        ],
        "lidar_3d_points_millimeters": [
            [
                23.333333333333336,
                0,
                1163.3333333333333
            ],
            [
                -106.66666666666667,
                0,
                1206.6666666666667
            ],
            [
                -216.66666666666669,
                0,
                1140.0
            ]
        ]
    }
}