{
    "labels": {
        "image_pixel_points": [
            [
                464,
                175
            ],
            [
                331,
                185
            ],
            [
                194,
                178
            ]
        ],
        "lidar_3d_points_millimeters": [
            [
                -6.666666666666667,
                0,
                656.6666666666666
            ],
            [
                -126.66666666666667,
                0,
                706.6666666666666
            ],
            [
                -233.33333333333334,
                0,
                620.0
            ]
        ]
    }
}