{
    "labels": {
        "image_pixel_points": [
            [
                587,
                216
            ],
            [
                511,
                213
            ],
            [
                446,
                214
            ]
        ],
        "lidar_3d_points_millimeters": [
            [
                226.66666666666666,
                0,
                1166.6666666666667
            ],
            [
                120.0,
                0,
                1236.6666666666665
            ],
            [
                16.666666666666668,
                0,
                1173.3333333333333
            ]
        ]
    }
}