{
    "labels": {
        "image_pixel_points": [
            [
                480,
                197
            ],
            [
                393,
                208
            ],
            [
                312,
                211
            ]
        ],
        "lidar_3d_points_millimeters": [
            [
                36.666666666666664,
                0,
                956.6666666666666
            ],
            [
                -86.66666666666667,
                0,
                1026.6666666666665
            ],
            [
                -216.66666666666669,
                0,
                926.6666666666666
            ]
        ]
    }
}