{
    "labels": {
        "image_pixel_points": [
            [
                554,
                172
            ],
            [
                419,
                186
            ],
            [
                294,
                181
            ]
        ],
        "lidar_3d_points_millimeters": [
            [
                83.33333333333333,
                0,
                650.0
            ],
            [
                -43.333333333333336,
                0,
                713.3333333333334
            ],
            [
                -166.66666666666666,
                0,
                626.6666666666667
            ]
        ]
    }
}