{
    "labels": {
        "image_pixel_points": [
            [
                479,
                199
            ],
            [
                392,
                210
            ],
            [
                309,
                209
            ]
        ],
        "lidar_3d_points_millimeters": [
            [
                30.0,
                0,
                966.6666666666666
            ],
            [
                -90.0,
                0,
                1030.0
            ],
            [
                -206.66666666666666,
                0,
                950.0
            ]
        ]
    }
}