{
    "labels": {
        "image_pixel_points": [
            [
                645,
                108
            ],
            [
                401,
                138
            ],
            [
                165,
                115
            ]
        ],
        "lidar_3d_points_millimeters": [
            [
                86.66666666666667,
                0,
                383.33333333333337
            ],
            [
                -43.333333333333336,
                0,
                446.66666666666663
            ],
            [
                -146.66666666666666,
                0,
                356.6666666666667
            ]
        ]
    }
}