{
    "labels": {
        "image_pixel_points": [
            [
                642,
                110
            ],
            [
                402,
                138
            ],
            [
                166,
                114
            ]
        ],
        "lidar_3d_points_millimeters": [
            [
                83.33333333333333,
                0,
                383.33333333333337
            ],
            [
                -40.0,
                0,
                446.66666666666663
            ],
            [
                -140.0,
                0,
                360.0
            ]
        ]
    }
}