{
    "labels": {
        "image_pixel_points": [
            [
                552,
                173
            ],
            [
                420,
                186
            ],
            [
                294,
                181
            ]
        ],
        "lidar_3d_points_millimeters": [
            [
                83.33333333333333,
                0,
                646.6666666666666
            ],
            [
                -30.0,
                0,
                720.0
            ],
            [
                -160.0,
                0,
                626.6666666666667
            ]
        ]
    }
}