{
    "labels": {
        "image_pixel_points": [
            [
                639,
                104
            ],
            [
                403,
                135
            ],
            [
                168,
                107
            ]
        ],
        "lidar_3d_points_millimeters": [
            [
                73.33333333333333,
                0,
                390.0
            ],
            [
                -40.0,
                0,
                446.66666666666663
            ],
            [
                -140.0,
                0,
                363.3333333333333
            ]
        ]
    }
}