{
    "labels": {
        "image_pixel_points": [
            [
                587,
                215
            ],
            [
                511,
                215
            ],
            [
                445,
                217
            ]
        ],
        "lidar_3d_points_millimeters": [
            [
                220.0,
                0,
                1170.0
            ],
            [
                116.66666666666667,
                0,
                1233.3333333333335
            ],
            [
                -3.3333333333333335,
                0,
                1166.6666666666667
            ]
        ]
    }
}