{
    "labels": {
        "image_pixel_points": [
            [
                586,
                215
            ],
            [
                512,
                216
            ],
            [
                447,
                216
            ]
        ],
        "lidar_3d_points_millimeters": [
            [
                223.33333333333331,
                0,
                1170.0
            ],
            [
                116.66666666666667,
                0,
                1220.0
            ],
            [
                13.333333333333334,
                0,
                1166.6666666666667
            ]
        ]
    }
}