{
    "timestamp": 1777778014,
    "capture_id": 37,
    "lidar_points": [
        [
            -139.45865423348087,
            0.0,
            994.2672094358671
        ],
        [
            -121.88824701427842,
            0.0,
            1010.9284434319702
        ],
        [
            -100.91774942498684,
            0.0,
            1021.7784350586949
        ],
        [
            -75.75648347313287,
            0.0,
            1015.6786919157972
        ],
        [
            -54.29370854475878,
            0.0,
            1004.5338188495481
        ],
        [
            -31.99699786281114,
            0.0,
            993.985131743814
        ],
        [
            -8.573821127152097,
            0.0,
            982.4625894105483
        ],
        [
            11.69287997942516,
            0.0,
            974.429846914485
        ],
        [
            34.172344648189934,
            0.0,
            956.1395365537634
        ],
        [
            209.09159503012071,
            0.0,
            1574.9308770189757
        ],
        [
            245.0237379052982,
            0.0,
            1574.8023464431706
        ],
        [
            279.39319091321084,
            0.0,
            1579.479485422756
        ],
        [
            316.8639636353232,
            0.0,
            1588.4543717240708
        ],
        [
            353.98698859576723,
            0.0,
            1596.732119644651
        ],
        [
            393.03519416240067,
            0.0,
            1604.3071397490332
        ],
        [
            430.456399386077,
            0.0,
            1611.75846538108
        ],
        [
            543.092610671009,
            0.0,
            1608.541413434714
        ],
        [
            592.0777594105396,
            0.0,
            1636.4333134324158
        ],
        [
            636.2028990576408,
            0.0,
            1646.6187882235079
        ],
        [
            679.6548912548045,
            0.0,
            1649.7324908279584
        ],
        [
            723.9984516381226,
            0.0,
            1658.8930773336783
        ],
        [
            770.2328202484246,
            0.0,
            1667.1753514889062
        ],
        [
            818.8410189150333,
            0.0,
            1674.235183073809
        ],
        [
            867.4439565344843,
            0.0,
            1680.86680979541
        ],
        [
            917.6620260267657,
            0.0,
            1687.9271217941998
        ],
        [
            1126.159471832504,
            0.0,
            1548.2490413373216
        ],
        [
            1137.2544133759816,
            0.0,
            1493.8737059259233
        ],
        [
            835.1645797594725,
            0.0,
            990.3637587852172
        ],
        [
            877.7477201966052,
            0.0,
            999.2291727575122
        ],
        [
            1030.077803493503,
            0.0,
            1030.077803493503
        ],
        [
            1140.0623385691156,
            0.0,
            1047.5380311360152
        ],
        [
            1271.1133461367192,
            0.0,
            1071.9181049749618
        ],
        [
            1386.295317859308,
            0.0,
            977.4708968462236
        ],
        [
            1388.574267881024,
            0.0,
            934.9532087643091
        ],
        [
            1389.91676230742,
            0.0,
            892.417758875774
        ],
        [
            1400.3503339961264,
            0.0,
            855.5115090265806
        ],
        [
            1403.9558911975785,
            0.0,
            818.2498735542911
        ],
        [
            1412.5002174590752,
            0.0,
            781.954848874323
        ],
        [
            1419.723788270972,
            0.0,
            746.4585487604252
        ],
        [
            901.2183176205214,
            0.0,
            415.1693708418733
        ],
        [
            896.3031924272816,
            0.0,
            389.4331133130096
        ],
        [
            899.2317886216414,
            0.0,
            367.02691022910534
        ],
        [
            903.1001630003188,
            0.0,
            346.38512971661703
        ],
        [
            908.0884310679763,
            0.0,
            325.7575231065298
        ],
        [
            911.7423346299578,
            0.0,
            304.5118679846719
        ],
        [
            913.7926694601687,
            0.0,
            283.4669641084459
        ],
        [
            919.7590107833814,
            0.0,
            263.46522461754944
        ],
        [
            925.221202055915,
            0.0,
            243.59041394563855
        ],
        [
            927.1538196294528,
            0.0,
            221.52055716460302
        ],
        [
            927.6114142214498,
            0.0,
            200.34486318865788
        ],
        [
            931.4665834523429,
            0.0,
            180.26804046091925
        ],
        [
            937.4389342996745,
            0.0,
            160.02888632709605
        ],
        [
            940.6306134252742,
            0.0,
            140.05373642710305
        ],
        [
            941.2298592960684,
            0.0,
            119.21792847346038
        ],
        [
            947.1454662953366,
            0.0,
            100.85492390651748
        ],
        [
            953.3331337467878,
            0.0,
            80.78674767886844
        ],
        [
            954.8686198900613,
            0.0,
            59.970669908294624
        ],
        [
            956.1994311507599,
            0.0,
            39.136273033635426
        ],
        [
            960.8298728814826,
            0.0,
            18.08190749213263
        ],
        [
            967.497697521588,
            0.0,
            -2.110755889720849
        ],
        [
            970.4704775515439,
            0.0,
            -23.294091544390664
        ],
        [
            973.6903277731266,
            0.0,
            -45.439059200882106
        ],
        [
            978.3478823994352,
            0.0,
            -64.92819883949454
        ],
        [
            982.4026715444764,
            0.0,
            -87.02903792571442
        ],
        [
            985.8959316420468,
            0.0,
            -109.87816876732428
        ],
        [
            1644.9615895996114,
            0.0,
            -310.447046598803
        ],
        [
            2585.145520593727,
            0.0,
            -1288.0258925402816
        ],
        [
            2389.242384978045,
            0.0,
            -1324.3786801079311
        ],
        [
            531.8235237943154,
            0.0,
            -415.27256355193657
        ],
        [
            516.4103557893459,
            0.0,
            -424.51453971980897
        ],
        [
            508.9016924778207,
            0.0,
            -434.64310634497537
        ],
        [
            500.2883040556799,
            0.0,
            -446.03438805219
        ],
        [
            454.6316029591382,
            0.0,
            -447.25291289247576
        ],
        [
            441.02460150176637,
            0.0,
            -451.98401616673146
        ],
        [
            311.859577882124,
            0.0,
            -359.9411982299101
        ],
        [
            302.10027311380054,
            0.0,
            -361.0276824352492
        ],
        [
            293.48377748713216,
            0.0,
            -367.10662259333253
        ],
        [
            282.4641808342715,
            0.0,
            -373.14606596562686
        ],
        [
            271.22440800233124,
            0.0,
            -375.2416827909513
        ],
        [
