{
    "timestamp": 1777777998,
    "capture_id": 28,
    "lidar_points": [
        [
            -52.899267097212444,
            0.0,
            480.59745894103287
        ],
        [
            -42.51021352517034,
            0.0,
            485.8939639942489
        ],
        [
            -33.316921421521336,
            0.0,
            491.8729335377097
        ],
        [
            -22.151703470038825,
            0.0,
            498.0075823051045
        ],
        [
            -13.042831712003833,
            0.0,
            503.3310387219651
        ],
        [
            -1.093011577002554,
            0.0,
            500.9988077088533
        ],
        [
            10.351496068716074,
            0.0,
            492.89131309969275
        ],
        [
            22.523039742633173,
            0.0,
            485.4778189379529
        ],
        [
            32.12689938363012,
            0.0,
            478.17196157448853
        ],
        [
            41.29003312670306,
            0.0,
            471.94723822096444
        ],
        [
            53.007404846822325,
            0.0,
            465.2400214205621
        ],
        [
            62.75388780515288,
            0.0,
            459.23218480996985
        ],
        [
            71.64074376073928,
            0.0,
            453.12158007913075
        ],
        [
            79.56773691478797,
            0.0,
            446.97312586134206
        ],
        [
            90.00604243157505,
            0.0,
            441.16207319510767
        ],
        [
            98.5055666695142,
            0.0,
            437.5487439533085
        ],
        [
            108.74173567676476,
            0.0,
            435.63314258904205
        ],
        [
            136.91322694947507,
            0.0,
            361.97205456537876
        ],
        [
            145.51758484355835,
            0.0,
            333.9201925629802
        ],
        [
            150.9433487602935,
            0.0,
            321.8638772292231
        ],
        [
            984.9999999999999,
            0.0,
            1706.0700454553441
        ],
        [
            1034.3041834575397,
            0.0,
            1704.4805421541873
        ],
        [
            1087.368467563002,
            0.0,
            1708.8826951402161
        ],
        [
            1117.9179412092064,
            0.0,
            1592.8513668018647
        ],
        [
            1129.1563585600913,
            0.0,
            1536.4574450414545
        ],
        [
            1144.3201643305617,
            0.0,
            1488.783538331371
        ],
        [
            843.960264530948,
            0.0,
            991.4308205280146
        ],
        [
            933.7722729202706,
            0.0,
            1007.9411403079605
        ],
        [
            1094.1021585342976,
            0.0,
            1039.9666901831954
        ],
        [
            1368.1694640494086,
            0.0,
            954.1154634753353
        ],
        [
            1388.36165928303,
            0.0,
            924.937817116844
        ],
        [
            1394.0390871645384,
            0.0,
            885.9644947499083
        ],
        [
            1404.532928244338,
            0.0,
            848.6272759447368
        ],
        [
            1403.8476391453207,
            0.0,
            807.9615514157275
        ],
        [
            1411.7160290818194,
            0.0,
            772.4916929867012
        ],
        [
            1423.3708387939207,
            0.0,
            739.4805306910322
        ],
        [
            892.2048277633543,
            0.0,
            405.4263747164994
        ],
        [
            895.5305452158481,
            0.0,
            383.0157210682166
        ],
        [
            898.7669464581306,
            0.0,
            360.8465407265638
        ],
        [
            903.3864526760908,
            0.0,
            341.4176029751677
        ],
        [
            908.969356947943,
            0.0,
            321.0462710103373
        ],
        [
            912.0385630321588,
            0.0,
            299.64255295641
        ],
        [
            915.2491652725475,
            0.0,
            278.7284125594392
        ],
        [
            921.0412063839891,
            0.0,
            258.94721207753156
        ],
        [
            926.4709271800732,
            0.0,
            238.79318162396387
        ],
        [
            931.4000697718212,
            0.0,
            218.77950664778166
        ],
        [
            932.5512046158102,
            0.0,
            196.36000297820632
        ],
        [
            932.8795018770196,
            0.0,
            175.53175632256315
        ],
        [
            939.9730376072936,
            0.0,
            157.03403634663866
        ],
        [
            943.3233566220712,
            0.0,
            135.46233739039383
        ],
        [
            942.3312987658414,
            0.0,
            114.39967598853795
        ],
        [
            948.1527810230514,
            0.0,
            95.99637408909598
        ],
        [
            953.7595751740088,
            0.0,
            75.58594620625081
        ],
        [
            955.1665354663736,
            0.0,
            55.02228662246653
        ],
        [
            958.868947572482,
            0.0,
            34.79355373112449
        ],
        [
            963.1493884156577,
            0.0,
            13.921856720442213
        ],
        [
            967.7217874771344,
            0.0,
            -7.389488619647381
        ],
        [
            971.0864344675838,
            0.0,
            -28.344078623850532
        ],
        [
            975.7836140461892,
            0.0,
            -48.73744514187894
        ],
        [
            979.993226075147,
            0.0,
            -70.13933879661002
        ],
        [
            983.3307693206353,
            0.0,
            -93.33091988878782
        ],
        [
            988.8525689060751,
            0.0,
            -114.85141256360711
        ],
        [
            2969.5509389401086,
            0.0,
            -1262.411495329443
        ],
        [
            2548.241085687208,
            0.0,
            -1289.6524218624488
        ],
        [
            2463.8412634726533,
            0.0,
            -1314.3601022586915
        ],
        [
            454.48506944643725,
            0.0,
            -413.95758738096237
        ],
        [
            432.56049835206204,
            0.0,
            -413.63470026753765
        ],
        [
            314.4524589305207,
            0.0,
            -335.73747344100445
        ],
        [
            276.73549424678527,
            0.0,
            -326.17101147095747
        ],
        [
            131.13903831830658,
            0.0,
            -198.01212747947972
        ],
        [
            100.78132730652693,
            0.0,
            -167.52126451986533
        ],
        [
            96.1553031033295,
            0.0,
            -167.91785993487065
        ],
        [
            91.75249556374726,
            0.0,
            -168.6578772480685
        ],
        [
            87.36350712123672,
            0.0,
            -169.28634801270192
        ],
        [
            83.6964260782368,
            0.0,
            -171.1290690143853
        ],
        [
            80.15317268809441,
            0.0,
            -173.3680158161606
        ],
        [
            76.65190696147125,
            0.0,
            -175.76275959135927
        ],
        [
            73.22770551644994,
            0.0,
            -178.2982491355316
        ],
        [
            68.71309106021099,
            0.0,
            -180.62135426618624
        ],
        [
