{
    "timestamp": 1777778000,
    "capture_id": 30,
    "lidar_points": [
        [
            -53.7053022078316,
            0.0,
            479.50181492332797
        ],
        [
            -42.90772032395891,
            0.0,
            485.8590228004425
        ],
        [
            -33.58519152118566,
            0.0,
            491.85468881620443
        ],
        [
            -22.434566558869292,
            0.0,
            498.24517330659177
        ],
        [
            -11.63596506111811,
            0.0,
            507.8667190485083
        ],
        [
            9.948246886874808,
            0.0,
            492.8996169443407
        ],
        [
            21.99345229832682,
            0.0,
            485.50209892028397
        ],
        [
            31.719130284668935,
            0.0,
            477.9486340329724
        ],
        [
            42.55444640478775,
            0.0,
            471.5838940116403
        ],
        [
            52.6267635472215,
            0.0,
            465.28323229893516
        ],
        [
            61.125426895218745,
            0.0,
            459.45177351586887
        ],
        [
            71.14642226792145,
            0.0,
            453.1994584048779
        ],
        [
            79.16721026811366,
            0.0,
            447.5520112996525
        ],
        [
            90.73843578711106,
            0.0,
            442.2881258533947
        ],
        [
            98.01801219460451,
            0.0,
            438.17059381640206
        ],
        [
            108.86485301985047,
            0.0,
            436.63307682419844
        ],
        [
            133.27238854908305,
            0.0,
            376.34961531855225
        ],
        [
            139.99601075883092,
            0.0,
            348.9657819494818
        ],
        [
            146.66526344454724,
            0.0,
            335.05576102902864
        ],
        [
            150.90986497914446,
            0.0,
            322.70772403519624
        ],
        [
            925.9819641269827,
            0.0,
            1692.2170079843588
        ],
        [
            978.7716492289185,
            0.0,
            1699.56100836825
        ],
        [
            1032.444268617412,
            0.0,
            1705.6077786815636
        ],
        [
            1085.5037191489346,
            0.0,
            1710.0678131915795
        ],
        [
            1120.6249625208561,
            0.0,
            1600.4183065296177
        ],
        [
            1133.7724866993108,
            0.0,
            1479.2308849208296
        ],
        [
            842.6076263166362,
            0.0,
            992.580670813735
        ],
        [
            884.0418695291048,
            0.0,
            998.6786447198543
        ],
        [
            930.2964217528965,
            0.0,
            1006.388999181607
        ],
        [
            1092.6831072781306,
            0.0,
            1041.4575733408487
        ],
        [
            1385.0409052009518,
            0.0,
            969.2532903839574
        ],
        [
            1386.8463754631464,
            0.0,
            927.2082793875027
        ],
        [
            1392.8297449355882,
            0.0,
            887.8644964873099
        ],
        [
            1398.4220924532724,
            0.0,
            848.5833570360732
        ],
        [
            1406.6260852479186,
            0.0,
            813.6510654452037
        ],
        [
            1419.440302771653,
            0.0,
            780.2430963280084
        ],
        [
            1421.956611975373,
            0.0,
            742.1963309391376
        ],
        [
            891.5284756261034,
            0.0,
            405.7058381978207
        ],
        [
            894.2335161103381,
            0.0,
            384.7709301193915
        ],
        [
            896.4228001484456,
            0.0,
            363.3162890292972
        ],
        [
            903.0603116209198,
            0.0,
            342.98407189711753
        ],
        [
            909.7088272545,
            0.0,
            322.70328804529146
        ],
        [
            910.9079959434271,
            0.0,
            301.47449797010916
        ],
        [
            914.5623068151647,
            0.0,
            280.973930201584
        ],
        [
            920.4028808028512,
            0.0,
            261.2070050933026
        ],
        [
            924.3389596509984,
            0.0,
            239.05030887097803
        ],
        [
            925.564653157278,
            0.0,
            218.47442144527506
        ],
        [
            928.3448343645136,
            0.0,
            198.11973906888653
        ],
        [
            934.2134411142467,
            0.0,
            177.8939190682972
        ],
        [
            941.2665846739126,
            0.0,
            159.88989672993185
        ],
        [
            946.5091608765243,
            0.0,
            139.61006724737987
        ],
        [
            949.297026780042,
            0.0,
            119.18774033671522
        ],
        [
            951.6443030317503,
            0.0,
            98.71009577147746
        ],
        [
            953.5711868490752,
            0.0,
            77.92659437731162
        ],
        [
            955.0286136670242,
            0.0,
            57.36644992712915
        ],
        [
            956.0427906774911,
            0.0,
            36.779680444437254
        ],
        [
            958.6085051657545,
            0.0,
            16.47107537100917
        ],
        [
            965.7383648055284,
            0.0,
            -4.740595188824027
        ],
        [
            970.6602948230898,
            0.0,
            -25.682524290896826
        ],
        [
            975.9128962208964,
            0.0,
            -46.0762302032394
        ],
        [
            980.1808571351929,
            0.0,
            -67.4665643538971
        ],
        [
            983.830578102441,
            0.0,
            -90.67190077756628
        ],
        [
            987.3620315786088,
            0.0,
            -112.49569368185729
        ],
        [
            1649.5967574482943,
            0.0,
            -315.5166997419843
        ],
        [
            2973.6662627718383,
            0.0,
            -1252.6869202448663
        ],
        [
            2704.2424388194304,
            0.0,
            -1282.6230280514771
        ],
        [
            2385.984677610651,
            0.0,
            -1330.2387683071026
        ],
        [
            1681.0720793514906,
            0.0,
            -1145.9436783825176
        ],
        [
            502.3669690243998,
            0.0,
            -453.07800479965664
        ],
        [
            303.21538395853315,
            0.0,
            -338.2358547387892
        ],
        [
            266.66529992001256,
            0.0,
            -326.7455895931417
        ],
        [
            258.5140975038834,
            0.0,
            -330.6970273403628
        ],
        [
            98.6860447322099,
            0.0,
            -170.49945623113368
        ],
        [
            93.54365178334984,
            0.0,
            -169.95759827390887
        ],
        [
            89.16587729073413,
            0.0,
            -170.6039165053773
        ],
        [
            84.97919779944623,
            0.0,
            -171.61231290721128
        ],
        [
            81.05038976915509,
            0.0,
            -172.95038108737444
        ],
        [
            77.25820929112261,
            0.0,
            -174.67732851497672
        ],
        [
            73.47733949021908,
            0.0,
            -176.30110771472508
        ],
        [
