{
    "timestamp": 1777777894,
    "capture_id": 20,
    "lidar_points": [
        [
            -65.55849472383355,
            0.0,
            680.8509996831502
        ],
        [
            -49.54579224962944,
            0.0,
            674.1818853027397
        ],
        [
            -34.152739604982884,
            0.0,
            669.1289788803607
        ],
        [
            -17.976026527557856,
            0.0,
            659.0048747697399
        ],
        [
            -1.9491071543055158,
            0.0,
            649.7470765469445
        ],
        [
            201.29725332344412,
            0.0,
            1558.5543512513245
        ],
        [
            237.07299758716536,
            0.0,
            1560.089867224012
        ],
        [
            271.70011519098784,
            0.0,
            1563.3152624807333
        ],
        [
            310.8824341334613,
            0.0,
            1576.3875394861677
        ],
        [
            349.3913015078279,
            0.0,
            1584.1782667776586
        ],
        [
            387.3170065386771,
            0.0,
            1588.4616886931578
        ],
        [
            426.06991127604357,
            0.0,
            1595.3341321507617
        ],
        [
            466.31807399651603,
            0.0,
            1601.4903851925494
        ],
        [
            632.6258533175127,
            0.0,
            1625.4822645031502
        ],
        [
            676.5072515127393,
            0.0,
            1626.954805349761
        ],
        [
            720.583710241495,
            0.0,
            1632.8170990758888
        ],
        [
            766.6679283257422,
            0.0,
            1637.1256366500143
        ],
        [
            811.4099488236071,
            0.0,
            1637.4889755201625
        ],
        [
            859.6831174000971,
            0.0,
            1643.7669961576826
        ],
        [
            913.7989273767604,
            0.0,
            1658.12155248796
        ],
        [
            969.3813332104684,
            0.0,
            1667.4460690898206
        ],
        [
            1020.0586070687633,
            0.0,
            1670.714424473834
        ],
        [
            1073.9027846366223,
            0.0,
            1673.5785189675769
        ],
        [
            1115.1473102811485,
            0.0,
            1658.1464165967732
        ],
        [
            1161.269096496318,
            0.0,
            1493.0593878083432
        ],
        [
            840.3676563993729,
            0.0,
            974.7569964241475
        ],
        [
            881.4797668001294,
            0.0,
            979.519516508982
        ],
        [
            930.1608727601617,
            0.0,
            987.7101362677485
        ],
        [
            980.3358474652531,
            0.0,
            995.9658007053174
        ],
        [
            1031.3797664129659,
            0.0,
            1005.2740123637616
        ],
        [
            1388.9734842999537,
            0.0,
            1037.1956950892375
        ],
        [
            1391.794095277584,
            0.0,
            990.468201837117
        ],
        [
            1400.0938453099852,
            0.0,
            950.4984412533768
        ],
        [
            1406.1680115372308,
            0.0,
            908.2772282345463
        ],
        [
            1410.3883703716147,
            0.0,
            866.4047594632091
        ],
        [
            1418.3882433728736,
            0.0,
            828.7353941769436
        ],
        [
            1425.4174905156424,
            0.0,
            791.1384456794452
        ],
        [
            1429.4762814121782,
            0.0,
            752.0838539551364
        ],
        [
            1429.6282118128036,
            0.0,
            712.2996128659103
        ],
        [
            903.3639379238335,
            0.0,
            390.7450040099607
        ],
        [
            907.3124025281244,
            0.0,
            367.7297978389061
        ],
        [
            911.2892618390184,
            0.0,
            345.25661652877403
        ],
        [
            913.0662226272286,
            0.0,
            324.45504017851886
        ],
        [
            913.7747373029214,
            0.0,
            300.76523979173027
        ],
        [
            915.9666326087946,
            0.0,
            278.9469088326763
        ],
        [
            923.3486582147751,
            0.0,
            259.05261120663204
        ],
        [
            926.8431528836251,
            0.0,
            238.35009954422347
        ],
        [
            924.0151374644199,
            0.0,
            214.12210473608096
        ],
        [
            927.9563742112648,
            0.0,
            195.12824003891177
        ],
        [
            934.9333185470867,
            0.0,
            174.07093344533914
        ],
        [
            938.9635515233774,
            0.0,
            152.3942630501744
        ],
        [
            940.862518147572,
            0.0,
            131.44474863991167
        ],
        [
            940.1200671670424,
            0.0,
            109.71102638219901
        ],
        [
            943.909195242579,
            0.0,
            90.6283268989711
        ],
        [
            950.168482600622,
            0.0,
            70.08863796958316
        ],
        [
            952.9961443898046,
            0.0,
            48.90205801565686
        ],
        [
            955.5776780040757,
            0.0,
            28.413048064913028
        ],
        [
            962.2293902063084,
            0.0,
            6.29786655908442
        ],
        [
            968.8829343353601,
            0.0,
            -15.061857578075951
        ],
        [
            972.5905108006112,
            0.0,
            -35.822629727677516
        ],
        [
            976.7234447911029,
            0.0,
            -58.93693574831765
        ],
        [
            979.9612640507515,
            0.0,
            -80.35224614192924
        ],
        [
            982.6717947222703,
            0.0,
            -102.470209608999
        ],
        [
            985.0609150319569,
            0.0,
            -125.315576351879
        ],
        [
            1639.6302529922107,
            0.0,
            -338.7118184721334
        ],
        [
            2762.876847695878,
            0.0,
            -1309.5105094905066
        ],
        [
            2651.6500893982716,
            0.0,
            -1331.1051060656846
        ],
        [
            2555.847412006402,
            0.0,
            -1355.3940410597122
        ],
        [
            2337.063892092122,
            0.0,
            -1378.353338871867
        ],
        [
            1697.493917014197,
            0.0,
            -1166.655246505924
        ],
        [
            1642.1457679845882,
            0.0,
            -1184.897580675354
        ],
        [
            246.87562766980932,
            0.0,
            -276.6007718041251
        ],
        [
            238.22387357413223,
            0.0,
            -280.1596840363293
        ],
        [
            231.56641973679,
            0.0,
            -283.10785179907106
        ],
        [
            224.71643849386533,
            0.0,
            -287.62392506645347
        ],
        [
            220.20212849727056,
            0.0,
            -291.72122412548515
        ],
        [
            213.49479768156078,
            0.0,
            -297.58869915188217
        ],
        [
            208.4963264424475,
            0.0,
            -303.54133879918953
        ],
        [
            206.99801595869147,
            0.0,
            -381.73928785123144
        ],
        [
