{
    "timestamp": 1777777997,
    "capture_id": 25,
    "lidar_points": [
        [
            -50.88057133592459,
            0.0,
            481.56954841489915
        ],
        [
            -40.002465788430726,
            0.0,
            487.86273964184375
        ],
        [
            -30.757963084666724,
            0.0,
            494.04346742658413
        ],
        [
            -19.338050117913184,
            0.0,
            499.1255251113061
        ],
        [
            -8.61563942483577,
            0.0,
            501.4259873174716
        ],
        [
            1.7628470287255964,
            0.0,
            497.246875174046
        ],
        [
            14.288741642852049,
            0.0,
            489.54151444209896
        ],
        [
            24.948045213958892,
            0.0,
            483.60692461957393
        ],
        [
            33.23092757633328,
            0.0,
            477.09408710695266
        ],
        [
            43.188764009125926,
            0.0,
            470.01992581524036
        ],
        [
            53.906903586484574,
            0.0,
            464.12994758549837
        ],
        [
            64.9568675879145,
            0.0,
            457.6632690670796
        ],
        [
            72.71731511107508,
            0.0,
            451.9372241617597
        ],
        [
            82.71978384627357,
            0.0,
            445.637745102932
        ],
        [
            92.2056141749058,
            0.0,
            439.6858960833613
        ],
        [
            100.54668417589298,
            0.0,
            436.0580400603035
        ],
        [
            138.5829206334647,
            0.0,
            358.3892250175761
        ],
        [
            141.42480022352586,
            0.0,
            345.41943833799485
        ],
        [
            145.55288484474687,
            0.0,
            332.2678440857193
        ],
        [
            152.4921283167897,
            0.0,
            321.96306201397664
        ],
        [
            944.6103263395432,
            0.0,
            1701.9323081053199
        ],
        [
            993.3627510046367,
            0.0,
            1701.2144029829105
        ],
        [
            1092.1492866837048,
            0.0,
            1696.9189537500824
        ],
        [
            1110.5571062929034,
            0.0,
            1646.468619094313
        ],
        [
            1124.7132188558353,
            0.0,
            1588.673165044008
        ],
        [
            1132.24481410624,
            0.0,
            1525.7855946788611
        ],
        [
            817.8001681387815,
            0.0,
            995.3848238205065
        ],
        [
            948.425464316139,
            0.0,
            1016.5058785549231
        ],
        [
            995.3636846703862,
            0.0,
            1022.8849875422907
        ],
        [
            1048.0188757279632,
            0.0,
            1030.4472323306497
        ],
        [
            1373.3818518538076,
            0.0,
            995.53319959638
        ],
        [
            1385.3163819430235,
            0.0,
            958.7914707694738
        ],
        [
            1391.3810716899354,
            0.0,
            920.3894696501949
        ],
        [
            1397.440012763019,
            0.0,
            880.1213897689871
        ],
        [
            1406.8579419970708,
            0.0,
            844.2815250494152
        ],
        [
            1415.8221243508958,
            0.0,
            808.1848641854884
        ],
        [
            1423.885345992014,
            0.0,
            772.1014078274968
        ],
        [
            1421.5384092356926,
            0.0,
            732.1403902720139
        ],
        [
            895.9162205862898,
            0.0,
            403.2869644439038
        ],
        [
            899.2886598604168,
            0.0,
            380.56820183306894
        ],
        [
            898.1218893203067,
            0.0,
            357.74660644613067
        ],
        [
            902.3414472092854,
            0.0,
            337.0911970791472
        ],
        [
            909.7163648142337,
            0.0,
            317.4088618630176
        ],
        [
            913.3329073401512,
            0.0,
            296.4845069638324
        ],
        [
            916.2315595602415,
            0.0,
            275.481926386846
        ],
        [
            921.9534361073501,
            0.0,
            255.68031631287235
        ],
        [
            927.3116728619373,
            0.0,
            235.5071631054892
        ],
        [
            928.3206623072529,
            0.0,
            213.2533655852197
        ],
        [
            928.7823437691263,
            0.0,
            192.39440715033362
        ],
        [
            933.0042315133227,
            0.0,
            172.13270020026476
        ],
        [
            946.519723971769,
            0.0,
            113.07508404775113
        ],
        [
            952.1939935297996,
            0.0,
            93.25857164771466
        ],
        [
            954.0018221636486,
            0.0,
            72.46437613364395
        ],
        [
            955.3414806237934,
            0.0,
            51.89622240142442
        ],
        [
            959.2275385564327,
            0.0,
            31.66372964398392
        ],
        [
            966.448104469414,
            0.0,
            10.01555627394469
        ],
        [
            970.195125122569,
            0.0,
            -10.318996482341094
        ],
        [
            973.5126920355298,
            0.0,
            -30.80646759587636
        ],
        [
            978.6146556352192,
            0.0,
            -52.089881704237406
        ],
        [
            979.7584485652926,
            0.0,
            -73.34597783744393
        ],
        [
            983.268882658312,
            0.0,
            -96.5727932487954
        ],
        [
            990.8020348504975,
            0.0,
            -117.54314202076372
        ],
        [
            1643.7414714221698,
            0.0,
            -250.7020893947237
        ],
        [
            1649.0416070459912,
            0.0,
            -287.9891981154418
        ],
        [
            2545.421438436327,
            0.0,
            -1295.208747943257
        ],
        [
            2461.188232743738,
            0.0,
            -1319.850387545405
        ],
        [
            1674.481887429209,
            0.0,
            -1155.55210123625
        ],
        [
            458.7494506239683,
            0.0,
            -421.5186135299451
        ],
        [
            314.0829482743016,
            0.0,
            -338.47446595470444
        ],
        [
            276.9897757085315,
            0.0,
            -329.55563134763366
        ],
        [
            106.84159940528787,
            0.0,
            -166.4029300719191
        ],
        [
            99.90989120621867,
            0.0,
            -166.58654249116748
        ],
        [
            95.30657269723059,
            0.0,
            -166.96322858853534
        ],
        [
            91.164929308232,
            0.0,
            -168.12352055624183
        ],
        [
            87.4076081491005,
            0.0,
            -169.82611706581912
        ],
        [
            83.68207028569434,
            0.0,
            -171.69248997175188
        ],
        [
            79.96400986964875,
            0.0,
            -173.45534620059055
        ],
        [
            76.6078355394046,
            0.0,
            -176.05464928245303
        ],
        [
            73.03316876914832,
            0.0,
            -178.3780220754146
        ],
        [
