{
    "timestamp": 1777777883,
    "capture_id": 16,
    "lidar_points": [
        [
            -77.6083356775349,
            0.0,
            692.9173895446434
        ],
        [
            -63.67439340610835,
            0.0,
            705.632922718579
        ],
        [
            -50.08090130819062,
            0.0,
            719.0079734079166
        ],
        [
            0.0,
            0.0,
            693.75
        ],
        [
            14.232413765068342,
            0.0,
            686.6025057472627
        ],
        [
            28.97326893340181,
            0.0,
            680.6336108269359
        ],
        [
            44.948311684674,
            0.0,
            674.5040024171075
        ],
        [
            60.12444486758818,
            0.0,
            666.2927668295404
        ],
        [
            74.49578882770537,
            0.0,
            652.2596319311336
        ],
        [
            86.6235018480279,
            0.0,
            640.4181691891515
        ],
        [
            411.76492500475064,
            0.0,
            1516.8545444556746
        ],
        [
            446.8084707820434,
            0.0,
            1514.4646547336165
        ],
        [
            483.17898652181105,
            0.0,
            1510.869659991806
        ],
        [
            521.1586750672723,
            0.0,
            1512.2148939228596
        ],
        [
            559.4788205891848,
            0.0,
            1515.2610375153631
        ],
        [
            598.8191366509348,
            0.0,
            1518.976038020557
        ],
        [
            641.2834161249947,
            0.0,
            1524.6217826736756
        ],
        [
            681.8224348428217,
            0.0,
            1528.0326337631034
        ],
        [
            797.4922012781483,
            0.0,
            1513.7791083577993
        ],
        [
            849.8430573067369,
            0.0,
            1529.2210526760148
        ],
        [
            893.7639449241275,
            0.0,
            1527.7715833048019
        ],
        [
            936.8516462647335,
            0.0,
            1523.2028937049256
        ],
        [
            980.5609195286418,
            0.0,
            1519.8936954909525
        ],
        [
            1029.154959843126,
            0.0,
            1518.6277748777984
        ],
        [
            1079.3664693706328,
            0.0,
            1518.4653518596908
        ],
        [
            1134.076692521698,
            0.0,
            1521.3074329270353
        ],
        [
            1188.9174301566895,
            0.0,
            1526.0293556382242
        ],
        [
            1240.2424709265874,
            0.0,
            1522.2124895394575
        ],
        [
            1295.4702964120122,
            0.0,
            1518.4771025979196
        ],
        [
            1333.6688851183167,
            0.0,
            1493.429732986211
        ],
        [
            1343.5885286607704,
            0.0,
            1440.034761959303
        ],
        [
            1347.8384941261816,
            0.0,
            1382.085975528175
        ],
        [
            1349.3191901688049,
            0.0,
            1320.9185385716262
        ],
        [
            965.9197388480692,
            0.0,
            855.0433077357413
        ],
        [
            1007.4668601129381,
            0.0,
            852.8836531287124
        ],
        [
            1055.6747399976641,
            0.0,
            855.8223199536599
        ],
        [
            1105.2397679167802,
            0.0,
            857.69811438248
        ],
        [
            1156.819647214999,
            0.0,
            857.9559232952272
        ],
        [
            1212.0111225740313,
            0.0,
            858.052468533735
        ],
        [
            1521.080724306947,
            0.0,
            801.8688671733388
        ],
        [
            1517.6363380350535,
            0.0,
            758.2164568746532
        ],
        [
            1514.2840272769756,
            0.0,
            714.1827127800166
        ],
        [
            1515.6215874697805,
            0.0,
            672.8181523231834
        ],
        [
            1519.2706797221983,
            0.0,
            634.6486049275214
        ],
        [
            1518.0216017621021,
            0.0,
            595.097190871896
        ],
        [
            1513.4267603042242,
            0.0,
            555.0526472282252
        ],
        [
            1512.1152462987616,
            0.0,
            516.0547881871031
        ],
        [
            948.4996355250694,
            0.0,
            267.50456334203074
        ],
        [
            950.1955550514208,
            0.0,
            244.90808410610353
        ],
        [
            951.3566649197215,
            0.0,
            222.37242660191626
        ],
        [
            952.0673507737285,
            0.0,
            200.74052802235576
        ],
        [
            952.043210369621,
            0.0,
            179.13762332102507
        ],
        [
            952.5709866752569,
            0.0,
            155.93613386424408
        ],
        [
            953.9025974719572,
            0.0,
            135.65428314746788
        ],
        [
            953.0048429905648,
            0.0,
            113.58623040020689
        ],
        [
            949.7816782189365,
            0.0,
            92.23787844275613
        ],
        [
            950.052528442607,
            0.0,
            71.64325299572533
        ],
        [
            950.6953170863543,
            0.0,
            49.82383034328266
        ],
        [
            950.0723684735198,
            0.0,
            28.508676979414062
        ],
        [
            963.9509271152326,
            0.0,
            9.726773035469714
        ],
        [
            964.3954204678357,
            0.0,
            -14.202921553901767
        ],
        [
            951.3644305596312,
            0.0,
            -34.78103313515653
        ],
        [
            950.6888822453269,
            0.0,
            -54.50423538708726
        ],
        [
            950.6233820867644,
            0.0,
            -77.16377342977376
        ],
        [
            954.5668632460221,
            0.0,
            -97.17177364157781
        ],
        [
            958.0769466950516,
            0.0,
            -119.49399236567166
        ],
        [
            959.1997052725725,
            0.0,
            -140.9474207107388
        ],
        [
            959.4608354547012,
            0.0,
            -163.2497097350157
        ],
        [
            960.5868584605131,
            0.0,
            -183.73047475299833
        ],
        [
            961.6913472291839,
            0.0,
            -207.15649920897297
        ],
        [
            961.3832228772142,
            0.0,
            -228.86756273054664
        ],
        [
            961.3815509374887,
            0.0,
            -252.5500218115786
        ],
        [
            1602.4756414191195,
            0.0,
            -556.1797201969714
        ],
        [
            2467.6362710243184,
            0.0,
            -1669.3417254789974
        ],
        [
            2360.8284686150814,
            0.0,
            -1674.2676023493289
        ],
        [
            2259.7435842213263,
            0.0,
            -1680.7209750790148
        ],
        [
            1470.7760536429043,
            0.0,
            -1382.8121211974546
        ],
        [
            237.92521519351138,
            0.0,
            -274.1543214598692
        ],
        [
            226.0411255990622,
            0.0,
            -276.96869775826474
        ],
        [
            218.09959886083226,
