{
    "timestamp": 1777778024,
    "capture_id": 47,
    "lidar_points": [
        [
            -163.38992365515938,
            0.0,
            1190.8432864352728
        ],
        [
            -138.3443710923681,
            0.0,
            1202.5685365030374
        ],
        [
            -112.68482306528414,
            0.0,
            1208.25675278508
        ],
        [
            -86.9601978543388,
            0.0,
            1210.3801774604267
        ],
        [
            -59.44242729368807,
            0.0,
            1203.2826601997697
        ],
        [
            -32.29250819803584,
            0.0,
            1195.8140559527974
        ],
        [
            -6.464503873869309,
            0.0,
            1185.2323707567493
        ],
        [
            20.07882069347266,
            0.0,
            1168.5775128161415
        ],
        [
            187.21295714488667,
            0.0,
            1567.1070069325408
        ],
        [
            222.39833356664488,
            0.0,
            1573.1069714824798
        ],
        [
            257.4577420837245,
            0.0,
            1578.1370381057375
        ],
        [
            296.4788585153396,
            0.0,
            1592.3851132667126
        ],
        [
            333.0560839897603,
            0.0,
            1601.2288702485369
        ],
        [
            368.7086228662355,
            0.0,
            1599.0418854501854
        ],
        [
            406.6846318705579,
            0.0,
            1606.8334886354307
        ],
        [
            445.5971376538524,
            0.0,
            1613.6044096725484
        ],
        [
            521.9909260478948,
            0.0,
            1615.512468420984
        ],
        [
            564.9023793743671,
            0.0,
            1626.1757444314494
        ],
        [
            609.0468105593673,
            0.0,
            1637.130888184406
        ],
        [
            655.6974342854508,
            0.0,
            1652.6780916656082
        ],
        [
            696.0066875578642,
            0.0,
            1649.6863159021261
        ],
        [
            738.897898574284,
            0.0,
            1652.3104718794548
        ],
        [
            787.1819949790051,
            0.0,
            1666.7078536086863
        ],
        [
            838.764369284119,
            0.0,
            1680.0057724065753
        ],
        [
            885.4600241613126,
            0.0,
            1679.646423540457
        ],
        [
            991.9706159396636,
            0.0,
            1702.0265265595258
        ],
        [
            1095.4143730435437,
            0.0,
            1704.0335718023928
        ],
        [
            1113.5382078696782,
            0.0,
            1653.8052249628386
        ],
        [
            1129.7719100913587,
            0.0,
            1593.9744331916127
        ],
        [
            813.9439211456472,
            0.0,
            990.1405737217561
        ],
        [
            848.5474824011648,
            0.0,
            987.5075544575064
        ],
        [
            949.2567737479529,
            0.0,
            1015.7296096863711
        ],
        [
            995.9214338090379,
            0.0,
            1022.3419487528378
        ],
        [
            1048.8615575716935,
            0.0,
            1029.58947913636
        ],
        [
            1368.0001898496519,
            0.0,
            945.1523914540536
        ],
        [
            1388.293033609499,
            0.0,
            915.0847039107003
        ],
        [
            1398.3992446618188,
            0.0,
            878.5964958553241
        ],
        [
            1407.3182168579465,
            0.0,
            843.5140775350285
        ],
        [
            1407.1409445511886,
            0.0,
            802.2122067555372
        ],
        [
            1410.248337746843,
            0.0,
            764.2091506140622
        ],
        [
            1422.1369143891418,
            0.0,
            730.9771519902185
        ],
        [
            896.1360462352253,
            0.0,
            402.7982579876659
        ],
        [
            899.3924102966622,
            0.0,
            380.3229447466463
        ],
        [
            901.8621588518315,
            0.0,
            357.81239348450987
        ],
        [
            906.0387616708143,
            0.0,
            337.909399617734
        ],
        [
            909.5668236503021,
            0.0,
            317.07846949091345
        ],
        [
            912.780996938361,
            0.0,
            295.7551379574187
        ],
        [
            916.381675356115,
            0.0,
            274.9821586421925
        ],
        [
            922.092750949787,
            0.0,
            255.17743071410905
        ],
        [
            924.1231838940067,
            0.0,
            232.82040501125277
        ],
        [
            925.2689411762105,
            0.0,
            212.0211050689397
        ],
        [
            929.6739682563888,
            0.0,
            191.78601420963645
        ],
        [
            933.6365208786503,
            0.0,
            171.45964359466504
        ],
        [
            942.2947804340345,
            0.0,
            110.48578762345343
        ],
        [
            948.5626171623073,
            0.0,
            91.85837644000624
        ],
        [
            954.0803009311386,
            0.0,
            71.42367867274746
        ],
        [
            955.6747705192159,
            0.0,
            50.34613185780923
        ],
        [
            958.7945726393905,
            0.0,
            29.555540550778044
        ],
        [
            962.4483192465711,
            0.0,
            9.974105446116672
        ],
        [
            966.6739342870139,
            0.0,
            -12.127129506435642
        ],
        [
            969.7042195872476,
            0.0,
            -32.5390383184116
        ],
        [
            975.3120367904784,
            0.0,
            -52.98106635023924
        ],
        [
            979.6778576177526,
            0.0,
            -74.4146846629789
        ],
        [
            982.9141770511271,
            0.0,
            -97.62060772145095
        ],
        [
            988.3420235075143,
            0.0,
            -119.16498885609022
        ],
        [
            1643.398101530269,
            0.0,
            -252.94316038728397
        ],
        [
            1648.4011760673661,
            0.0,
            -290.1941164802008
        ],
        [
            2557.324296180351,
            0.0,
            -1306.5376024690877
        ],
        [
            2337.8534032675457,
            0.0,
            -1326.0624145681659
        ],
        [
            1718.0075765058136,
            0.0,
            -1135.7773624564898
        ],
        [
            538.0512998726147,
            0.0,
            -466.6913982551958
        ],
        [
            522.2973854693121,
            0.0,
            -473.90189241225954
        ],
        [
            509.0635224835523,
            0.0,
            -482.29233103651757
        ],
        [
            497.87578471646106,
            0.0,
            -494.8976692135134
        ],
        [
            487.65484488186354,
            0.0,
            -506.36128629985683
        ],
        [
            479.3746888363077,
            0.0,
            -518.3009817693704
        ],
        [
            475.41070734376785,
            0.0,
            -537.05886254944
        ],
        [
            475.4371317067345,
            0.0,
            -557.8965260641737
        ],
        [
            310.0248284461286,
            0.0,
            -487.22772473141197
        ],
        [
