{
    "timestamp": 1777777998,
    "capture_id": 27,
    "lidar_points": [
        [
            -45.53366827317499,
            0.0,
            485.36886494045785
        ],
        [
            -36.30911345200732,
            0.0,
            490.4076985328934
        ],
        [
            -26.41701143572055,
            0.0,
            496.2974325007183
        ],
        [
            -15.026667192726382,
            0.0,
            500.77459926905146
        ],
        [
            -4.767539898748511,
            0.0,
            499.4772472929211
        ],
        [
            6.863422361262912,
            0.0,
            493.4522706741665
        ],
        [
            17.013504642469222,
            0.0,
            487.2030281718092
        ],
        [
            28.885588975588632,
            0.0,
            480.8832345273989
        ],
        [
            38.55929867665611,
            0.0,
            473.43233992363093
        ],
        [
            50.0413258785311,
            0.0,
            466.32270554233
        ],
        [
            59.4348873955317,
            0.0,
            460.17767672963066
        ],
        [
            69.35676507086026,
            0.0,
            454.74128813964705
        ],
        [
            77.76117923499513,
            0.0,
            450.33565149117715
        ],
        [
            86.7268318696306,
            0.0,
            444.87528492135505
        ],
        [
            96.31924808699802,
            0.0,
            439.5709299395893
        ],
        [
            104.0474688065561,
            0.0,
            436.007094821803
        ],
        [
            112.9888192765082,
            0.0,
            426.79711423403575
        ],
        [
            121.3959745878127,
            0.0,
            413.5505015761378
        ],
        [
            132.295412181464,
            0.0,
            382.5186092410885
        ],
        [
            140.53390817560538,
            0.0,
            352.25102292667725
        ],
        [
            142.97872766274378,
            0.0,
            340.44477663189804
        ],
        [
            146.6694998671724,
            0.0,
            328.2199076971315
        ],
        [
            963.46339191787,
            0.0,
            1699.669778202258
        ],
        [
            1021.2590582711952,
            0.0,
            1712.3285310941449
        ],
        [
            1070.378861506485,
            0.0,
            1709.849892633877
        ],
        [
            1102.8488479662665,
            0.0,
            1680.1248409089958
        ],
        [
            1119.9267319596256,
            0.0,
            1629.5035064528806
        ],
        [
            1132.1019224502902,
            0.0,
            1498.0955575944938
        ],
        [
            833.4630477037673,
            0.0,
            996.0376050191818
        ],
        [
            874.1997443553411,
            0.0,
            1002.3346781235579
        ],
        [
            914.7374246421032,
            0.0,
            1005.3934585320976
        ],
        [
            1014.6175312830618,
            0.0,
            1021.837200934212
        ],
        [
            1192.1055916079358,
            0.0,
            1058.1683507160349
        ],
        [
            1403.065390545243,
            0.0,
            997.9131086192449
        ],
        [
            1389.0303341770175,
            0.0,
            944.0947943591698
        ],
        [
            1390.6247738878874,
            0.0,
            901.4656403597767
        ],
        [
            1396.8390590638141,
            0.0,
            861.2326300563153
        ],
        [
            1396.743479769101,
            0.0,
            820.1815129728925
        ],
        [
            1405.1350628363377,
            0.0,
            784.3985069388654
        ],
        [
            1417.4781888964003,
            0.0,
            750.7140494242672
        ],
        [
            1423.771590716097,
            0.0,
            716.179809803205
        ],
        [
            895.3748195986366,
            0.0,
            392.8091074920604
        ],
        [
            897.8955645669585,
            0.0,
            369.62758978596685
        ],
        [
            902.0140876431848,
            0.0,
            348.51052450856173
        ],
        [
            905.5510879674853,
            0.0,
            327.63734079146656
        ],
        [
            909.0828957093848,
            0.0,
            306.93409508987384
        ],
        [
            913.2590042034119,
            0.0,
            286.85458640466663
        ],
        [
            918.8191958508165,
            0.0,
            266.7242917997138
        ],
        [
            924.3518128298206,
            0.0,
            246.86897054555928
        ],
        [
            926.1197116439123,
            0.0,
            224.74714615451006
        ],
        [
            927.1395006323143,
            0.0,
            203.6858091946096
        ],
        [
            930.8216449898874,
            0.0,
            183.56913607227102
        ],
        [
            934.6046742442556,
            0.0,
            163.2196844157859
        ],
        [
            937.903906788022,
            0.0,
            143.04832795864942
        ],
        [
            939.0659555303704,
            0.0,
            122.32796558364089
        ],
        [
            945.4825631529272,
            0.0,
            104.59103820964295
        ],
        [
            952.7456723037907,
            0.0,
            84.66365162451889
        ],
        [
            954.3658724608435,
            0.0,
            63.859466659633426
        ],
        [
            956.0430438605249,
            0.0,
            42.78666013961169
        ],
        [
            959.7420981664928,
            0.0,
            22.250955192485645
        ],
        [
            966.7482385313408,
            0.0,
            1.845480032358117
        ],
        [
            971.0627823182054,
            0.0,
            -19.069223802385288
        ],
        [
            973.8793236118797,
            0.0,
            -41.19011460614764
        ],
        [
            978.6218710455621,
            0.0,
            -60.65874637085202
        ],
        [
            980.802587294145,
            0.0,
            -82.30642293959114
        ],
        [
            984.3773379705111,
            0.0,
            -105.36250039786552
        ],
        [
            1651.7094993402925,
            0.0,
            -304.26301087881194
        ],
        [
            2728.7864553082213,
            0.0,
            -1271.5481631957139
        ],
        [
            2394.9983149039845,
            0.0,
            -1313.9410694955368
        ],
        [
            1709.5982299495229,
            0.0,
            -1148.396334961697
        ],
        [
            424.87988030176837,
            0.0,
            -413.6738900568357
        ],
        [
            308.0692903241811,
            0.0,
            -338.2300435489955
        ],
        [
            271.0480547761987,
            0.0,
            -327.3498923201882
        ],
        [
            105.16101546315835,
            0.0,
            -167.1747912418537
        ],
        [
            98.36101799350789,
            0.0,
            -167.50573912341278
        ],
        [
            94.12015665677593,
            0.0,
            -168.4944987556091
        ],
        [
            89.95356235169886,
            0.0,
            -169.6241628431487
        ],
        [
            85.94157717638465,
            0.0,
            -170.85259088593162
        ],
        [
            82.1939957802732,
            0.0,
            -172.6867382217651
        ],
        [
