{
    "timestamp": 1777777892,
    "capture_id": 19,
    "lidar_points": [
        [
            -72.58068589798098,
            0.0,
            685.1664352802015
        ],
        [
            -41.05441647257966,
            0.0,
            674.2512772610045
        ],
        [
            -24.648760139091923,
            0.0,
            664.2928579501706
        ],
        [
            -11.905502454119874,
            0.0,
            661.3928552768883
        ],
        [
            219.023667635903,
            0.0,
            1558.4343731820463
        ],
        [
            255.0253672718985,
            0.0,
            1560.5491419842674
        ],
        [
            289.5266911256493,
            0.0,
            1562.1462343922328
        ],
        [
            327.8123088979007,
            0.0,
            1576.018449332059
        ],
        [
            366.5965879116999,
            0.0,
            1585.9309582171284
        ],
        [
            404.06063050709207,
            0.0,
            1590.9925382836373
        ],
        [
            443.68480746004263,
            0.0,
            1596.493905916695
        ],
        [
            610.7109885443973,
            0.0,
            1623.9633888949359
        ],
        [
            652.901592592044,
            0.0,
            1628.762435989599
        ],
        [
            697.6016311089747,
            0.0,
            1633.5287039945451
        ],
        [
            741.1881309507655,
            0.0,
            1637.0244819603984
        ],
        [
            788.4544253225024,
            0.0,
            1640.3474080783506
        ],
        [
            835.3701635544716,
            0.0,
            1645.0476254026737
        ],
        [
            885.3809825272205,
            0.0,
            1655.3453048470383
        ],
        [
            939.4396175628124,
            0.0,
            1667.8747757111253
        ],
        [
            993.8630745442473,
            0.0,
            1673.6482423309433
        ],
        [
            1044.570172085711,
            0.0,
            1676.7448838713742
        ],
        [
            858.0870898766207,
            0.0,
            975.237174325852
        ],
        [
            900.3228844127663,
            0.0,
            981.9922435043349
        ],
        [
            1003.3204723535823,
            0.0,
            1001.6801347017841
        ],
        [
            1054.6673927765464,
            0.0,
            1007.4219278008206
        ],
        [
            1362.4469787092503,
            0.0,
            1043.6725026108697
        ],
        [
            1384.2321566277099,
            0.0,
            1012.061707139342
        ],
        [
            1394.6824539933732,
            0.0,
            972.039532386941
        ],
        [
            1402.5784960526958,
            0.0,
            931.0992494952178
        ],
        [
            1408.0119623575904,
            0.0,
            890.5382158323849
        ],
        [
            1415.361885783568,
            0.0,
            851.4862270002861
        ],
        [
            1420.164470998192,
            0.0,
            810.6635786899677
        ],
        [
            1423.856943197552,
            0.0,
            770.5792660772304
        ],
        [
            1427.1604160122213,
            0.0,
            731.5922426241432
        ],
        [
            1428.8002750749279,
            0.0,
            693.0178741892671
        ],
        [
            905.3230917799702,
            0.0,
            378.4728021799658
        ],
        [
            909.0015129501082,
            0.0,
            356.06223045194537
        ],
        [
            910.08534407331,
            0.0,
            334.9025664323356
        ],
        [
            912.4840376083167,
            0.0,
            311.6904612111573
        ],
        [
            916.2852631727093,
            0.0,
            289.7280043290928
        ],
        [
            921.5206250714347,
            0.0,
            269.9625901267662
        ],
        [
            925.9835659611987,
            0.0,
            249.470309996565
        ],
        [
            926.6603346018514,
            0.0,
            226.75234127916914
        ],
        [
            929.6580120032861,
            0.0,
            205.03653508118498
        ],
        [
            933.8652536687254,
            0.0,
            183.6402746955231
        ],
        [
            936.6639262569375,
            0.0,
            163.05291088765728
        ],
        [
            943.3017592809259,
            0.0,
            144.1348446334551
        ],
        [
            943.7941549004344,
            0.0,
            120.85049927813708
        ],
        [
            940.6272340607106,
            0.0,
            100.67972260240494
        ],
        [
            946.314252315032,
            0.0,
            80.71182295947655
        ],
        [
            950.9089163448041,
            0.0,
            59.201311775588145
        ],
        [
            953.680090885306,
            0.0,
            39.55419382308832
        ],
        [
            957.5995361071679,
            0.0,
            16.97618765614922
        ],
        [
            963.7456637508546,
            0.0,
            -2.891038122295882
        ],
        [
            969.6676052262906,
            0.0,
            -25.391639858636825
        ],
        [
            973.1024016086759,
            0.0,
            -47.27344374410645
        ],
        [
            977.151108198925,
            0.0,
            -67.79352288834619
        ],
        [
            981.0674886931957,
            0.0,
            -90.68707255847588
        ],
        [
            984.1939328844738,
            0.0,
            -111.59100534268858
        ],
        [
            990.0491060870817,
            0.0,
            -135.2898001926624
        ],
        [
            1630.1097216820606,
            0.0,
            -280.1040793662867
        ],
        [
            1632.6765921372614,
            0.0,
            -318.746600745889
        ],
        [
            2698.763235694723,
            0.0,
            -1315.363850865056
        ],
        [
            2604.310315732624,
            0.0,
            -1343.1056704029806
        ],
        [
            2387.3223789942535,
            0.0,
            -1370.5197631749857
        ],
        [
            2287.8223748916007,
            0.0,
            -1382.3160929922492
        ],
        [
            1673.5961125212918,
            0.0,
            -1178.6793678323295
        ],
        [
            254.07576995873666,
            0.0,
            -274.1068507350284
        ],
        [
            242.90687077100816,
            0.0,
            -277.4397495533701
        ],
        [
            235.19861942901306,
            0.0,
            -281.0762519649895
        ],
        [
            228.8537135465626,
            0.0,
            -285.30517046830374
        ],
        [
            222.8918120643871,
            0.0,
            -289.98672834227074
        ],
        [
            216.19105877310713,
            0.0,
            -295.0160819456508
        ],
        [
            209.14430361049511,
            0.0,
            -302.18357047874235
        ],
        [
            207.4595333902249,
            0.0,
            -308.4778833328415
        ],
        [
            241.2079741026103,
            0.0,
            -518.3789885106403
        ],
        [
            182.6249611624232,
            0.0,
            -479.6599692077956
        ],
        [
            147.49385352411318,
            0.0,
            -458.61598933378616
        ],
        [
            136.89950077616464,
            0.0,
            -456.67175212316
        ],
        [
