{
    "timestamp": 1777778024,
    "capture_id": 45,
    "lidar_points": [
        [
            -151.36598134928326,
            0.0,
            1192.4312725227264
        ],
        [
            -128.10766463877349,
            0.0,
            1212.5011293853709
        ],
        [
            -100.96390700925565,
            0.0,
            1215.0624889203955
        ],
        [
            -73.73137362322338,
            0.0,
            1205.4973027940098
        ],
        [
            -48.06269587608647,
            0.0,
            1198.2865015367247
        ],
        [
            -21.106129419535527,
            0.0,
            1190.5629314744037
        ],
        [
            4.525164153871537,
            0.0,
            1185.2413616598858
        ],
        [
            54.76051790476202,
            0.0,
            1120.9131760215873
        ],
        [
            133.69821055119382,
            0.0,
            1567.5587233004728
        ],
        [
            168.6352285945523,
            0.0,
            1563.431613367487
        ],
        [
            202.77031626535924,
            0.0,
            1569.9596169461322
        ],
        [
            238.5033773503712,
            0.0,
            1581.1126269157635
        ],
        [
            274.25559084724887,
            0.0,
            1585.7078650839273
        ],
        [
            309.7417585725984,
            0.0,
            1584.2547476641357
        ],
        [
            346.33709625228204,
            0.0,
            1593.0366217571827
        ],
        [
            386.0565853819821,
            0.0,
            1611.9139440066906
        ],
        [
            425.3206604754352,
            0.0,
            1619.0671189832556
        ],
        [
            536.068877136642,
            0.0,
            1610.8957823104076
        ],
        [
            584.9318585866325,
            0.0,
            1639.0011541516337
        ],
        [
            629.0121358174813,
            0.0,
            1649.3790636158599
        ],
        [
            669.5513188851055,
            0.0,
            1646.8442834339912
        ],
        [
            709.9279968717186,
            0.0,
            1643.743437783923
        ],
        [
            752.3909531956713,
            0.0,
            1646.210148659432
        ],
        [
            805.1954843124603,
            0.0,
            1665.8587258656787
        ],
        [
            853.3930617174335,
            0.0,
            1672.6222958912585
        ],
        [
            902.7389352382926,
            0.0,
            1680.0788604422216
        ],
        [
            960.4351695782475,
            0.0,
            1700.8085863897804
        ],
        [
            1010.2827129802141,
            0.0,
            1700.2423069531408
        ],
        [
            1062.5480945614963,
            0.0,
            1705.6030595492414
        ],
        [
            1108.2180529856346,
            0.0,
            1618.1329702891321
        ],
        [
            1127.8712994318348,
            0.0,
            1564.9112856382449
        ],
        [
            1138.745031403165,
            0.0,
            1510.3085788853232
        ],
        [
            830.0218752020897,
            0.0,
            994.6778054656727
        ],
        [
            872.8322102050666,
            0.0,
            1003.525750954373
        ],
        [
            913.3656820437626,
            0.0,
            1006.6398031891707
        ],
        [
            1013.2232741657898,
            0.0,
            1023.219720631281
        ],
        [
            1256.000553679851,
            0.0,
            1072.725813829381
        ],
        [
            1371.5811195508088,
            0.0,
            978.3393046340058
        ],
        [
            1392.545059610633,
            0.0,
            948.7060961931353
        ],
        [
            1394.2524713049863,
            0.0,
            905.9788125336809
        ],
        [
            1399.9159155504553,
            0.0,
            865.7663826856127
        ],
        [
            1400.1473857174792,
            0.0,
            824.7498398111443
        ],
        [
            1404.0641993818988,
            0.0,
            786.3137328789747
        ],
        [
            1416.0425285585382,
            0.0,
            753.418580414328
        ],
        [
            1422.5978388329793,
            0.0,
            718.5084908668352
        ],
        [
            897.0846629997181,
            0.0,
            393.26753922829954
        ],
        [
            899.4982866126354,
            0.0,
            372.2970351492651
        ],
        [
            901.6219526483002,
            0.0,
            350.9046943297656
        ],
        [
            905.3384699239003,
            0.0,
            328.9571664758969
        ],
        [
            908.9002887282649,
            0.0,
            308.25367418682424
        ],
        [
            912.8670180760098,
            0.0,
            288.09958314619956
        ],
        [
            918.3815394659052,
            0.0,
            268.22734847183995
        ],
        [
            922.486686366617,
            0.0,
            246.10135305670033
        ],
        [
            927.202873644853,
            0.0,
            227.68924789002838
        ],
        [
            930.5224575618507,
            0.0,
            205.7594614423689
        ],
        [
            930.5704761780481,
            0.0,
            184.838176158933
        ],
        [
            934.3363556703324,
            0.0,
            164.74870856150022
        ],
        [
            937.707983056288,
            0.0,
            144.32706264768356
        ],
        [
            940.5995060237403,
            0.0,
            124.09323820376262
        ],
        [
            945.3757765782456,
            0.0,
            103.27459057812361
        ],
        [
            950.70730072343,
            0.0,
            85.0051666145626
        ],
        [
            954.0638797067644,
            0.0,
            64.6233389641578
        ],
        [
            955.7460643900894,
            0.0,
            43.81806594151634
        ],
        [
            956.7306637169776,
            0.0,
            22.70323993776468
        ],
        [
            963.9964153929359,
            0.0,
            2.6288989273158796
        ],
        [
            970.5731296308273,
            0.0,
            -18.530044215307747
        ],
        [
            973.9016444794312,
            0.0,
            -40.65893973359136
        ],
        [
            978.638376762496,
            0.0,
            -60.391866403239796
        ],
        [
            982.3421469227302,
            0.0,
            -81.89608586032155
        ],
        [
            985.6489714433116,
            0.0,
            -105.22674371442835
        ],
        [
            1646.465668634038,
            0.0,
            -302.36865249140845
        ],
        [
            2730.1718754035496,
            0.0,
            -1268.5707630067247
        ],
        [
            2534.6549360603494,
            0.0,
            -1315.0682891412546
        ],
        [
            1711.1625227811007,
            0.0,
            -1146.064165144962
        ],
        [
            576.4033970411574,
            0.0,
            -462.8711336640187
        ],
        [
            551.6823417883213,
            0.0,
            -463.42943773454215
        ],
        [
            534.618154264488,
            0.0,
            -469.10552291657365
        ],
        [
            526.4687257819261,
            0.0,
            -482.6838958092087
        ],
        [
            517.980272849611,
            0.0,
            -496.1290149130995
        ],
        [
