{
    "timestamp": 1777778007,
    "capture_id": 34,
    "lidar_points": [
        [
            -101.64727219136525,
            0.0,
            772.0876857948548
        ],
        [
            -84.45166455848033,
            0.0,
            782.9585981093137
        ],
        [
            -68.46789846314567,
            0.0,
            792.5480407395128
        ],
        [
            -50.80167331514169,
            0.0,
            791.6215967799146
        ],
        [
            -34.98280553016663,
            0.0,
            786.4723554056039
        ],
        [
            -16.851418357195627,
            0.0,
            782.0684702756855
        ],
        [
            0.6334317293489159,
            0.0,
            774.2497408874247
        ],
        [
            15.854090324393567,
            0.0,
            764.8356998859206
        ],
        [
            33.90071583162028,
            0.0,
            757.4917847515601
        ],
        [
            49.46988251617186,
            0.0,
            751.6237710609186
        ],
        [
            118.31910639081656,
            0.0,
            646.258144291334
        ],
        [
            357.90488869745116,
            0.0,
            1595.8584964358417
        ],
        [
            395.2139306232532,
            0.0,
            1598.1066959190548
        ],
        [
            432.5409363365886,
            0.0,
            1605.5048741417968
        ],
        [
            546.1622506183604,
            0.0,
            1607.5017444778987
        ],
        [
            594.8400143455664,
            0.0,
            1635.697284748424
        ],
        [
            639.4356032257799,
            0.0,
            1645.6343334189655
        ],
        [
            682.3533487057795,
            0.0,
            1648.6182001937286
        ],
        [
            727.1638809108965,
            0.0,
            1657.507975938156
        ],
        [
            772.9596972484923,
            0.0,
            1665.9128297811742
        ],
        [
            821.5793824629765,
            0.0,
            1672.8931169718387
        ],
        [
            869.735076004127,
            0.0,
            1679.6824543847852
        ],
        [
            920.0824346946495,
            0.0,
            1686.893761730823
        ],
        [
            971.3327314411235,
            0.0,
            1695.184882934934
        ],
        [
            1029.1864628591363,
            0.0,
            1707.5755582601607
        ],
        [
            1142.8724515424356,
            0.0,
            1498.7078174231904
        ],
        [
            837.5304699261698,
            0.0,
            992.6199043164758
        ],
        [
            878.0201850395069,
            0.0,
            998.9897670462846
        ],
        [
            975.2062869169454,
            0.0,
            1018.7137774947704
        ],
        [
            1027.0725996734604,
            0.0,
            1027.0725996734604
        ],
        [
            1380.7985687285773,
            0.0,
            975.2874256326245
        ],
        [
            1392.112433952969,
            0.0,
            939.5441560850352
        ],
        [
            1393.8119042352394,
            0.0,
            896.5299426746079
        ],
        [
            1399.649951712598,
            0.0,
            856.6568815289596
        ],
        [
            1403.5093963218274,
            0.0,
            819.0154909623749
        ],
        [
            1412.2869198333415,
            0.0,
            782.34001947213
        ],
        [
            1419.3164471414798,
            0.0,
            747.2327769000015
        ],
        [
            899.9659250915565,
            0.0,
            413.10579295635495
        ],
        [
            894.2567537120433,
            0.0,
            389.12391463439775
        ],
        [
            899.2628836874122,
            0.0,
            367.6119095217122
        ],
        [
            903.0498213335088,
            0.0,
            347.21358007646796
        ],
        [
            906.5564204785464,
            0.0,
            326.3245416592582
        ],
        [
            913.4594169601905,
            0.0,
            306.4704611650995
        ],
        [
            916.9024560303092,
            0.0,
            285.25418248570344
        ],
        [
            919.4710676472532,
            0.0,
            264.4683691098434
        ],
        [
            924.954935721002,
            0.0,
            244.59952858776535
        ],
        [
            926.6685341389857,
            0.0,
            222.4734317546779
        ],
        [
            927.6366278096979,
            0.0,
            201.40965529450668
        ],
        [
            931.7601749381555,
            0.0,
            181.37954377276907
        ],
        [
            935.4512716538709,
            0.0,
            161.26525001114064
        ],
        [
            938.2521749228491,
            0.0,
            140.7459368953272
        ],
        [
            940.5704754433388,
            0.0,
            120.43771512400787
        ],
        [
            947.0070662845986,
            0.0,
            102.14629903739964
        ],
        [
            953.2444419019643,
            0.0,
            81.82662453634941
        ],
        [
            954.7859599359385,
            0.0,
            61.27261385976911
        ],
        [
            959.1089891217599,
            0.0,
            41.35150524268704
        ],
        [
            964.2982681782539,
            0.0,
            19.72561756752486
        ],
        [
            968.2498559834916,
            0.0,
            -0.5280984263931717
        ],
        [
            970.507293281934,
            0.0,
            -21.706132464678646
        ],
        [
            973.2638798876131,
            0.0,
            -43.82331121800196
        ],
        [
            977.9710798233157,
            0.0,
            -63.02830339790118
        ],
        [
            983.0651487080414,
            0.0,
            -85.19668946406544
        ],
        [
            986.3524016010966,
            0.0,
            -108.02315657186189
        ],
        [
            1650.87988976887,
            0.0,
            -307.36973184867037
        ],
        [
            2573.5125827221095,
            0.0,
            -1274.3551502901287
        ],
        [
            2392.6261941086086,
            0.0,
            -1317.7375100016527
        ],
        [
            1708.030758569844,
            0.0,
            -1150.726369637597
        ],
        [
            486.85198918904246,
            0.0,
            -398.66113821474056
        ],
        [
            482.7704609944402,
            0.0,
            -410.9606818069287
        ],
        [
            480.5313589400118,
            0.0,
            -427.2453780619113
        ],
        [
            326.1187347053507,
            0.0,
            -354.9233309803415
        ],
        [
            284.19925743259836,
            0.0,
            -339.8231629462001
        ],
        [
            272.4427462794364,
            0.0,
            -343.275417849456
        ],
        [
            266.4291148469014,
            0.0,
            -348.59301378813745
        ],
        [
            259.8999401247332,
            0.0,
            -358.7492454670255
        ],
        [
            226.98387292247995,
            0.0,
            -346.82642839482617
        ],
        [
            216.3386104349133,
            0.0,
            -347.6893090606768
        ],
        [
            209.62049648839212,
            0.0,
            -348.8670913857597
        ],
        [
            201.73975140628352,
            0.0,
            -353.19489690896006
        ],
        [
