{
    "timestamp": 1777778025,
    "capture_id": 48,
    "lidar_points": [
        [
            -152.9917660554443,
            0.0,
            1192.2237707407264
        ],
        [
            -129.43022171381298,
            0.0,
            1212.360664244396
        ],
        [
            -102.28927424290292,
            0.0,
            1214.951631496028
        ],
        [
            -75.04632306162875,
            0.0,
            1205.4161571403172
        ],
        [
            -49.369794823803566,
            0.0,
            1198.2333603514198
        ],
        [
            -21.70523399789438,
            0.0,
            1187.8017018076278
        ],
        [
            3.547240030728895,
            0.0,
            1182.4946795179098
        ],
        [
            53.53775897025138,
            0.0,
            1120.972243574498
        ],
        [
            201.48582834090462,
            0.0,
            1570.124982597812
        ],
        [
            238.15005575603425,
            0.0,
            1575.8564698104324
        ],
        [
            272.4987737875898,
            0.0,
            1580.6835288204466
        ],
        [
            309.7417585725984,
            0.0,
            1584.2547476641357
        ],
        [
            346.33709625228204,
            0.0,
            1593.0366217571827
        ],
        [
            386.49615235833295,
            0.0,
            1611.8086034676091
        ],
        [
            425.76217671760145,
            0.0,
            1618.9510705628784
        ],
        [
            536.9474047121167,
            0.0,
            1610.6031625055634
        ],
        [
            583.3605474343193,
            0.0,
            1633.1912117682766
        ],
        [
            627.77059952298,
            0.0,
            1643.4307520776647
        ],
        [
            670.4494334713722,
            0.0,
            1646.4788549076227
        ],
        [
            715.1815829976892,
            0.0,
            1655.9074146343205
        ],
        [
            759.1510880579925,
            0.0,
            1657.4132331740223
        ],
        [
            806.5580921746501,
            0.0,
            1665.1994194232677
        ],
        [
            857.489943850827,
            0.0,
            1678.3901687911264
        ],
        [
            907.8910415398915,
            0.0,
            1685.2557429635453
        ],
        [
            962.2898921549641,
            0.0,
            1699.7599024439855
        ],
        [
            1007.7090445937422,
            0.0,
            1692.7558835945506
        ],
        [
            1060.435326528735,
            0.0,
            1698.0815405185629
        ],
        [
            1109.9825025489429,
            0.0,
            1616.9231294453014
        ],
        [
            1136.3222464855196,
            0.0,
            1503.6802567840352
        ],
        [
            831.1064063294157,
            0.0,
            993.7718004442489
        ],
        [
            873.9263674715206,
            0.0,
            1002.5730418468435
        ],
        [
            914.7374246421032,
            0.0,
            1005.3934585320976
        ],
        [
            1014.6175312830618,
            0.0,
            1021.837200934212
        ],
        [
            1377.8667081689787,
            0.0,
            979.4251296140928
        ],
        [
            1389.28774443891,
            0.0,
            943.7159599963568
        ],
        [
            1390.9063871522583,
            0.0,
            900.5711644168116
        ],
        [
            1396.861033087464,
            0.0,
            860.7205218546977
        ],
        [
            1396.9670976391772,
            0.0,
            819.8005797836287
        ],
        [
            1405.1350628363377,
            0.0,
            784.3985069388654
        ],
        [
            1417.2734106918838,
            0.0,
            751.100578714858
        ],
        [
            1423.771590716097,
            0.0,
            716.179809803205
        ],
        [
            897.4978154580134,
            0.0,
            391.6991623020064
        ],
        [
            899.3835554589383,
            0.0,
            369.9533351249031
        ],
        [
            902.2472867351298,
            0.0,
            348.6006254714647
        ],
        [
            905.8755126569241,
            0.0,
            327.4753701708802
        ],
        [
            909.4870743514765,
            0.0,
            306.51806486338114
        ],
        [
            913.8142607403565,
            0.0,
            286.7552255278981
        ],
        [
            918.8918994508425,
            0.0,
            266.4737128191495
        ],
        [
            924.4191015252798,
            0.0,
            246.61688351610164
        ],
        [
            926.1809674819547,
            0.0,
            224.49457782804103
        ],
        [
            927.1950128438382,
            0.0,
            203.43296354699936
        ],
        [
            931.4122322511558,
            0.0,
            183.1578994008146
        ],
        [
            934.4028663934863,
            0.0,
            162.92186248516975
        ],
        [
            937.4874629880669,
            0.0,
            142.46164129406188
        ],
        [
            939.1325354065681,
            0.0,
            121.81576638855559
        ],
        [
            943.8587758267754,
            0.0,
            101.02560959866057
        ],
        [
            951.1395451736506,
            0.0,
            82.95256540253018
        ],
        [
            954.4520600777242,
            0.0,
            62.55809310863182
        ],
        [
            958.8592211558428,
            0.0,
            41.34073662153009
        ],
        [
            964.0089184106154,
            0.0,
            21.560791376839042
        ],
        [
            967.9999640051684,
            0.0,
            0.2639810460922164
        ],
        [
            970.5247267754833,
            0.0,
            -20.9121308664077
        ],
        [
            975.8887567719831,
            0.0,
            -41.008497973384884
        ],
        [
            980.5002224735231,
            0.0,
            -62.654319319355096
        ],
        [
            982.1151574591734,
            0.0,
            -84.57470064353149
        ],
        [
            985.6362591770037,
            0.0,
            -107.67271982987323
        ],
        [
            1645.718585959856,
            0.0,
            -306.4087724369059
        ],
        [
            2726.0058757253437,
            0.0,
            -1277.4984209426257
        ],
        [
            2391.547322026822,
            0.0,
            -1319.694531513387
        ],
        [
            1699.7302689865069,
            0.0,
            -1147.831874749546
        ],
        [
            530.6022781452697,
            0.0,
            -471.7639477822038
        ],
        [
            517.2802488951947,
            0.0,
            -479.74096562929185
        ],
        [
            504.0909069258476,
            0.0,
            -488.9247590935403
        ],
        [
            491.03706025410213,
            0.0,
            -496.42287211309
        ],
        [
            481.287089504576,
            0.0,
            -509.6702242393744
        ],
        [
            473.4490631671481,
            0.0,
            -522.370543375246
        ],
        [
            467.83806016737054,
            0.0,
            -539.3732932383951
        ],
        [
            468.3417084392355,
            0.0,
            -560.9381486725771
        ],
        [
            1108.6597359813597,
            0.0,
            -1524.1903268010008
        ],
        [
