{
    "timestamp": 1777777881,
    "capture_id": 12,
    "lidar_points": [
        [
            -86.0502539084215,
            0.0,
            683.8573800890769
        ],
        [
            -73.73944866268025,
            0.0,
            696.1052317795951
        ],
        [
            -26.793385758790137,
            0.0,
            706.4921191914179
        ],
        [
            -9.919137264526093,
            0.0,
            699.4296681696649
        ],
        [
            5.076816941723012,
            0.0,
            689.4813093403912
        ],
        [
            19.94880469280263,
            0.0,
            683.4589290449927
        ],
        [
            34.96847844909571,
            0.0,
            677.8486320816434
        ],
        [
            50.85950203683495,
            0.0,
            669.5711769876038
        ],
        [
            65.50043813453976,
            0.0,
            659.5053108991491
        ],
        [
            79.21137847767316,
            0.0,
            661.5244666825762
        ],
        [
            426.5490527663337,
            0.0,
            1517.1789299829284
        ],
        [
            463.4091519855378,
            0.0,
            1515.743038201411
        ],
        [
            500.71447811173056,
            0.0,
            1515.684358271635
        ],
        [
            536.5945262182868,
            0.0,
            1515.2961969306768
        ],
        [
            573.4782251808406,
            0.0,
            1512.4248659829134
        ],
        [
            613.1763120590279,
            0.0,
            1516.4738286003123
        ],
        [
            655.3358918769065,
            0.0,
            1521.901399177325
        ],
        [
            823.7673366662871,
            0.0,
            1528.1045039661824
        ],
        [
            868.6299607269781,
            0.0,
            1530.4254486342836
        ],
        [
            913.9178750586145,
            0.0,
            1529.5055345268768
        ],
        [
            957.7144482145436,
            0.0,
            1525.2488438550322
        ],
        [
            1000.9368199955,
            0.0,
            1519.442572911953
        ],
        [
            1049.4587897892325,
            0.0,
            1518.9717940219032
        ],
        [
            1101.3732229251366,
            0.0,
            1521.1380686260854
        ],
        [
            1149.3943460898408,
            0.0,
            1516.674532382181
        ],
        [
            1202.1361337543872,
            0.0,
            1514.6807513209026
        ],
        [
            1260.1819832753642,
            0.0,
            1519.4134950789958
        ],
        [
            1351.6275730763653,
            0.0,
            1359.7611798399357
        ],
        [
            1349.63650100193,
            0.0,
            1299.7770492139286
        ],
        [
            978.1180444750353,
            0.0,
            852.1400434038604
        ],
        [
            1027.1318447183032,
            0.0,
            854.7305049344942
        ],
        [
            1076.7542494820486,
            0.0,
            857.9282305195176
        ],
        [
            1125.77031039495,
            0.0,
            858.4807922913932
        ],
        [
            1235.9940542582663,
            0.0,
            860.4386659362851
        ],
        [
            1492.3204009279307,
            0.0,
            856.7148787515601
        ],
        [
            1511.532310309677,
            0.0,
            824.4350413403657
        ],
        [
            1509.8221811095623,
            0.0,
            780.2161440457152
        ],
        [
            1514.0877590000732,
            0.0,
            740.0039327909928
        ],
        [
            1515.427324716392,
            0.0,
            698.1205293521447
        ],
        [
            1512.3108098925918,
            0.0,
            656.100803445639
        ],
        [
            1516.1850966348018,
            0.0,
            617.8756470702797
        ],
        [
            1518.252567750021,
            0.0,
            579.954052508014
        ],
        [
            1514.5046030454198,
            0.0,
            539.570078724011
        ],
        [
            1512.9010269184373,
            0.0,
            501.1681806032165
        ],
        [
            948.4859367674245,
            0.0,
            259.14279896308386
        ],
        [
            949.7562630617031,
            0.0,
            235.42576489218243
        ],
        [
            951.1238577810068,
            0.0,
            213.30956298247654
        ],
        [
            951.9269631465274,
            0.0,
            191.5099392580702
        ],
        [
            950.1714344670327,
            0.0,
            169.94648458518168
        ],
        [
            949.6954918213171,
            0.0,
            146.9675910337605
        ],
        [
            950.0939178949172,
            0.0,
            126.66411164606266
        ],
        [
            950.8628352807744,
            0.0,
            105.97372779046111
        ],
        [
            951.8640340266629,
            0.0,
            83.27731219538735
        ],
        [
            951.2428813069027,
            0.0,
            61.8267196521196
        ],
        [
            950.378249065065,
            0.0,
            40.71542955712542
        ],
        [
            954.5112935986881,
            0.0,
            21.348369786919445
        ],
        [
            955.9998578055439,
            0.0,
            -0.5214170881816392
        ],
        [
            952.4879882638356,
            0.0,
            -22.34266575660143
        ],
        [
            952.7962937115731,
            0.0,
            -42.64135538992136
        ],
        [
            955.8625256847758,
            0.0,
            -63.959612190202726
        ],
        [
            956.2319345652264,
            0.0,
            -84.97345066339595
        ],
        [
            953.4501126931019,
            0.0,
            -107.57849508852183
        ],
        [
            956.3972374775697,
            0.0,
            -128.5664191975231
        ],
        [
            959.5805934212693,
            0.0,
            -150.10545369600817
        ],
        [
            959.581299330295,
            0.0,
            -172.70995910943566
        ],
        [
            959.5586246825209,
            0.0,
            -194.13460741812386
        ],
        [
            961.0077080162683,
            0.0,
            -216.0768037835589
        ],
        [
            962.1967311174026,
            0.0,
            -238.23100790406102
        ],
        [
            964.3765890796324,
            0.0,
            -262.63671570276273
        ],
        [
            1592.9877950209898,
            0.0,
            -490.3523706623277
        ],
        [
            1587.2253282672878,
            0.0,
            -527.2305068058947
        ],
        [
            2535.8286960693695,
            0.0,
            -1662.5621452117582
        ],
        [
            2435.8663222775804,
            0.0,
            -1675.1027796806668
        ],
        [
            2328.9557285140345,
            0.0,
            -1681.434347401546
        ],
        [
            2225.1831308432097,
            0.0,
            -1683.4652050787417
        ],
        [
            2125.5235054272407,
            0.0,
            -1683.15964494646
        ],
        [
            236.46247375149036,
            0.0,
            -278.7036930277848
        ],
        [
            226.53415578153204,
            0.0,
            -278.5018424792708
        ],
        [
            218.10288417051055,
            0.0,
            -280.7336494197033
        ],
        [
