{
    "timestamp": 1777778123,
    "capture_id": 62,
    "lidar_points": [
        [
            -224.93409715306868,
            0.0,
            1496.6919863278263
        ],
        [
            -190.592689494293,
            0.0,
            1501.451523263849
        ],
        [
            -159.54056428518464,
            0.0,
            1506.073390757424
        ],
        [
            -126.05309284460866,
            0.0,
            1512.004689240185
        ],
        [
            -91.5826375118216,
            0.0,
            1517.7393947929197
        ],
        [
            -59.175594805265874,
            0.0,
            1527.3540843496123
        ],
        [
            68.48668799328235,
            0.0,
            756.6568813324245
        ],
        [
            85.6913931314744,
            0.0,
            763.204418975144
        ],
        [
            120.58970816288709,
            0.0,
            773.6582722915782
        ],
        [
            140.16365109603893,
            0.0,
            787.3717123515601
        ],
        [
            159.91292630564791,
            0.0,
            797.1178432329592
        ],
        [
            179.0627089375177,
            0.0,
            801.4911782221673
        ],
        [
            196.24290358883135,
            0.0,
            795.3988215298189
        ],
        [
            287.1771654829467,
            0.0,
            724.4030909136019
        ],
        [
            849.9251026865576,
            0.0,
            1682.7937729630582
        ],
        [
            900.9082526400753,
            0.0,
            1693.2478614559082
        ],
        [
            952.5164884135631,
            0.0,
            1698.6667093047695
        ],
        [
            1004.2052750815311,
            0.0,
            1702.6779871715105
        ],
        [
            1125.7660833379227,
            0.0,
            1569.1963828998566
        ],
        [
            1138.2991860173136,
            0.0,
            1513.1481134087046
        ],
        [
            832.4726567478174,
            0.0,
            998.1679910051366
        ],
        [
            873.2692799771812,
            0.0,
            1001.8192275296653
        ],
        [
            974.4516333382351,
            0.0,
            1024.6170085863525
        ],
        [
            1024.0584133873626,
            0.0,
            1030.782889832072
        ],
        [
            1377.3694410070214,
            0.0,
            1065.2722588521704
        ],
        [
            1381.5366117730164,
            0.0,
            1019.9530150113454
        ],
        [
            1392.2054316492124,
            0.0,
            979.9338171970746
        ],
        [
            1400.0671124735059,
            0.0,
            939.3657863527387
        ],
        [
            1407.555551848344,
            0.0,
            901.034922165009
        ],
        [
            1414.9884437123,
            0.0,
            861.2780933941389
        ],
        [
            1422.390277892746,
            0.0,
            824.8417786801273
        ],
        [
            1427.3323360967356,
            0.0,
            785.0881494027503
        ],
        [
            1432.1155531781903,
            0.0,
            746.5052192350206
        ],
        [
            909.7302797372773,
            0.0,
            413.3901070770021
        ],
        [
            914.74806089453,
            0.0,
            392.1205778707581
        ],
        [
            919.7166136281445,
            0.0,
            368.3841922726576
        ],
        [
            923.1815604430815,
            0.0,
            346.3117186262647
        ],
        [
            925.8567711132401,
            0.0,
            325.0243096812381
        ],
        [
            930.5051220155667,
            0.0,
            304.30448222593617
        ],
        [
            935.3165493592277,
            0.0,
            282.3330524305423
        ],
        [
            939.2549088994305,
            0.0,
            261.58214027016965
        ],
        [
            942.688629865517,
            0.0,
            239.95980834771953
        ],
        [
            946.897625499085,
            0.0,
            217.24902030663912
        ],
        [
            951.518606799696,
            0.0,
            196.02191437174926
        ],
        [
            956.155640731658,
            0.0,
            174.7867005725338
        ],
        [
            956.6109741788556,
            0.0,
            154.45531418692215
        ],
        [
            958.2362957976908,
            0.0,
            131.74127643195388
        ],
        [
            963.5533273827542,
            0.0,
            111.64669851644932
        ],
        [
            968.5223073277458,
            0.0,
            90.59306103968177
        ],
        [
            974.0464111994211,
            0.0,
            69.1797573682381
        ],
        [
            978.819547081069,
            0.0,
            48.08632084086976
        ],
        [
            982.6344966229115,
            0.0,
            26.803843878026495
        ],
        [
            986.7381118010408,
            0.0,
            4.843678283792105
        ],
        [
            991.1128494205755,
            0.0,
            -16.48885118580758
        ],
        [
            996.7416062745552,
            0.0,
            -38.889848562569235
        ],
        [
            1001.8944774992351,
            0.0,
            -61.004249495709075
        ],
        [
            1004.4923509161824,
            0.0,
            -84.0185512305526
        ],
        [
            1008.16763627047,
            0.0,
            -106.24066865759794
        ],
        [
            1669.0405881138904,
            0.0,
            -233.17606594253823
        ],
        [
            1676.3893506447419,
            0.0,
            -271.6096602569593
        ],
        [
            3494.9093114354737,
            0.0,
            -1113.4778420972827
        ],
        [
            2654.3228281462684,
            0.0,
            -1258.9461412155786
        ],
        [
            2550.311110317029,
            0.0,
            -1281.1046954068672
        ],
        [
            2449.123356893707,
            0.0,
            -1300.5090475339653
        ],
        [
            2359.076709980272,
            0.0,
            -1319.4567353379407
        ],
        [
            569.6166866011166,
            0.0,
            -394.6971374935032
        ],
        [
            562.640545527926,
            0.0,
            -407.1435453596653
        ],
        [
            438.40145873626625,
            0.0,
            -353.2324461001761
        ],
        [
            317.70387966521656,
            0.0,
            -314.08566880020106
        ],
        [
            306.6875847357843,
            0.0,
            -316.200846565804
        ],
        [
            294.6449822510536,
            0.0,
            -321.37257884622994
        ],
        [
            287.6990394607102,
            0.0,
            -323.936452399826
        ],
        [
            277.8449442870067,
            0.0,
            -331.1227105381782
        ],
        [
            270.86838258765164,
            0.0,
            -337.49501005844456
        ],
        [
            264.15543220225277,
            0.0,
            -343.09023250165694
        ],
        [
            255.1606615867161,
            0.0,
            -348.59293850941583
        ],
        [
            248.45812413822293,
            0.0,
            -354.0124440605378
        ],
        [
            244.24371111274675,
            0.0,
            -361.46794060037064
        ],
        [
            155.44515229312046,
            0.0,
            -283.7059298438589
        ],
        [
