{
    "timestamp": 1777778024,
    "capture_id": 44,
    "lidar_points": [
        [
            -166.63683335395288,
            0.0,
            1190.3932819743932
        ],
        [
            -141.98661033981062,
            0.0,
            1210.9543199411821
        ],
        [
            -116.46006300644767,
            0.0,
            1216.4378544440872
        ],
        [
            -89.80367917845226,
            0.0,
            1212.9300728838466
        ],
        [
            -62.87983746686116,
            0.0,
            1206.1120132641665
        ],
        [
            -35.22737724787589,
            0.0,
            1195.7311965455428
        ],
        [
            -9.69669571556709,
            0.0,
            1185.2103343255997
        ],
        [
            16.891949174167365,
            0.0,
            1168.6279239146638
        ],
        [
            65.20519738061482,
            0.0,
            1100.570094194166
        ],
        [
            147.70856335229587,
            0.0,
            1560.7761667876662
        ],
        [
            182.51113831138784,
            0.0,
            1567.6615536818786
        ],
        [
            220.08540554646754,
            0.0,
            1578.4807495707532
        ],
        [
            254.8353287475147,
            0.0,
            1578.3093859323483
        ],
        [
            290.6279342047049,
            0.0,
            1582.5348033644964
        ],
        [
            327.82975334585626,
            0.0,
            1591.3328424063882
        ],
        [
            363.9951059162368,
            0.0,
            1594.4804209738757
        ],
        [
            403.1780999506371,
            0.0,
            1607.7169121832967
        ],
        [
            442.0097204132339,
            0.0,
            1614.3315860009104
        ],
        [
            518.8296272052945,
            0.0,
            1616.2679443501981
        ],
        [
            561.3532727016918,
            0.0,
            1627.4042992529853
        ],
        [
            604.9402632156083,
            0.0,
            1638.386257248464
        ],
        [
            649.2569231420927,
            0.0,
            1648.2347216801566
        ],
        [
            689.9890333004972,
            0.0,
            1645.4370837030035
        ],
        [
            735.2913607379769,
            0.0,
            1653.9185635405677
        ],
        [
            783.9988942187026,
            0.0,
            1668.207509983051
        ],
        [
            835.0971720585632,
            0.0,
            1681.8316728257291
        ],
        [
            882.2520452152075,
            0.0,
            1681.3336644502135
        ],
        [
            988.2550123155548,
            0.0,
            1704.1866184878882
        ],
        [
            1095.5381813536087,
            0.0,
            1713.4570772845254
        ],
        [
            1120.2327117296954,
            0.0,
            1591.5299978544965
        ],
        [
            1131.5469706617412,
            0.0,
            1535.3188644989148
        ],
        [
            1146.6019710730864,
            0.0,
            1486.711192508926
        ],
        [
            845.3113336231995,
            0.0,
            990.2791269375356
        ],
        [
            943.2061247291371,
            0.0,
            1015.8992414474201
        ],
        [
            989.893687791543,
            0.0,
            1022.2717284902578
        ],
        [
            1095.5191755953667,
            0.0,
            1038.473873481104
        ],
        [
            1369.469164917719,
            0.0,
            952.2490253812632
        ],
        [
            1389.6215565491204,
            0.0,
            923.0438733202229
        ],
        [
            1395.275663009891,
            0.0,
            883.5485692435411
        ],
        [
            1404.7815280514487,
            0.0,
            847.731927525109
        ],
        [
            1404.7281530745406,
            0.0,
            806.4297107992675
        ],
        [
            1412.5578467239427,
            0.0,
            770.9512903929913
        ],
        [
            1424.3778254471029,
            0.0,
            737.5390229503673
        ],
        [
            892.7332659107216,
            0.0,
            402.43990661510816
        ],
        [
            895.7178515982865,
            0.0,
            381.94056190479415
        ],
        [
            899.9901659475005,
            0.0,
            360.48294161831086
        ],
        [
            904.3191017292659,
            0.0,
            340.36160880389195
        ],
        [
            910.4981194807116,
            0.0,
            320.46955693495727
        ],
        [
            913.5528547689094,
            0.0,
            299.03635906621105
        ],
        [
            915.4768930966585,
            0.0,
            277.9795328906235
        ],
        [
            921.3231259391025,
            0.0,
            257.9423581147552
        ],
        [
            924.5674519133672,
            0.0,
            236.15268231045664
        ],
        [
            929.20378454416,
            0.0,
            217.19435832638547
        ],
        [
            932.2221836825858,
            0.0,
            195.49437396015085
        ],
        [
            933.1179788847378,
            0.0,
            174.25957644290884
        ],
        [
            940.3478124530601,
            0.0,
            156.30596314518684
        ],
        [
            943.4338657802119,
            0.0,
            134.69053752585992
        ],
        [
            942.7037393522104,
            0.0,
            113.4015423676408
        ],
        [
            948.531556849863,
            0.0,
            94.7282859550151
        ],
        [
            953.8414591896748,
            0.0,
            74.54551113857883
        ],
        [
            955.2406725076584,
            0.0,
            53.71982955219276
        ],
        [
            959.6650416450867,
            0.0,
            33.51224170857666
        ],
        [
            964.177393748395,
            0.0,
            11.832830792005456
        ],
        [
            967.4631605645858,
            0.0,
            -8.442923094676843
        ],
        [
            970.5471167024482,
            0.0,
            -29.65289632673784
        ],
        [
            975.7162515785581,
            0.0,
            -50.06791792643108
        ],
        [
            979.896677397723,
            0.0,
            -71.47553165176758
        ],
        [
            983.202594937181,
            0.0,
            -94.67164205185121
        ],
        [
            988.6950453787165,
            0.0,
            -116.19964390469367
        ],
        [
            2967.4813486921316,
            0.0,
            -1267.2687195951492
        ],
        [
            2546.034414274978,
            0.0,
            -1292.8994590947393
        ],
        [
            560.9180786887334,
            0.0,
            -463.67118899079753
        ],
        [
            542.8524437014293,
            0.0,
            -468.7843713983931
        ],
        [
            532.889724579652,
            0.0,
            -480.0792683895262
        ],
        [
            522.4240781481516,
            0.0,
            -491.44749981158105
        ],
        [
            512.8678866251659,
            0.0,
            -504.2688701165639
        ],
        [
            505.1006223850397,
            0.0,
            -517.6523193865218
        ],
        [
            496.00869169103277,
            0.0,
            -532.1951031031289
        ],
        [
            490.3196080850111,
            0.0,
            -547.550620424597
        ],
        [
