{
    "timestamp": 1777778001,
    "capture_id": 32,
    "lidar_points": [
        [
            -53.416075491978106,
            0.0,
            479.28257362336393
        ],
        [
            -43.283001992245005,
            0.0,
            485.5747437197896
        ],
        [
            -33.650926637083366,
            0.0,
            490.8478533481283
        ],
        [
            -22.920465167319108,
            0.0,
            496.9717318686383
        ],
        [
            9.54499104641973,
            0.0,
            492.90759087878104
        ],
        [
            21.596244506396992,
            0.0,
            485.5199297899314
        ],
        [
            30.28524674273359,
            0.0,
            478.04163399199
        ],
        [
            42.084395783228814,
            0.0,
            472.12805850908774
        ],
        [
            52.2026668092703,
            0.0,
            466.08570196692403
        ],
        [
            61.785157412281194,
            0.0,
            459.61577086033464
        ],
        [
            70.19575888084918,
            0.0,
            453.6006563433762
        ],
        [
            78.60009307996965,
            0.0,
            447.90578012325324
        ],
        [
            89.96478040576024,
            0.0,
            442.1910229601493
        ],
        [
            97.48567443335705,
            0.0,
            438.03322451644414
        ],
        [
            108.08121825438798,
            0.0,
            433.99425429450946
        ],
        [
            116.14350009066645,
            0.0,
            426.46768621630565
        ],
        [
            141.61231663664725,
            0.0,
            348.3130083370444
        ],
        [
            143.3750139718159,
            0.0,
            336.74857886646174
        ],
        [
            150.31087470618837,
            0.0,
            323.26288210226136
        ],
        [
            919.1622400671025,
            0.0,
            1687.3953379202
        ],
        [
            969.9455366377795,
            0.0,
            1695.9789852638064
        ],
        [
            1019.6466288031797,
            0.0,
            1696.9769635650068
        ],
        [
            1131.5479679119603,
            0.0,
            1552.9846896586948
        ],
        [
            1142.054863282684,
            0.0,
            1499.330934701332
        ],
        [
            837.2597436994326,
            0.0,
            992.8482684077968
        ],
        [
            878.0201850395069,
            0.0,
            998.9897670462846
        ],
        [
            975.2062869169454,
            0.0,
            1018.7137774947704
        ],
        [
            1026.7924708836053,
            0.0,
            1027.352652080453
        ],
        [
            1199.4997543786867,
            0.0,
            1057.7338520372082
        ],
        [
            1380.7985687285773,
            0.0,
            975.2874256326245
        ],
        [
            1387.8088964571398,
            0.0,
            936.0889204100301
        ],
        [
            1388.9424587991568,
            0.0,
            893.9333916153666
        ],
        [
            1399.4162827457671,
            0.0,
            857.0385449826742
        ],
        [
            1403.5093963218274,
            0.0,
            819.0154909623749
        ],
        [
            1412.0735171765543,
            0.0,
            782.7251318877113
        ],
        [
            1414.6889504758158,
            0.0,
            745.2893219425828
        ],
        [
            899.8532344991048,
            0.0,
            413.35120522565194
        ],
        [
            894.9444671858029,
            0.0,
            389.4231639919735
        ],
        [
            900.0881401570833,
            0.0,
            368.2357803752411
        ],
        [
            903.2831675405718,
            0.0,
            347.3032993478056
        ],
        [
            906.645377981157,
            0.0,
            326.0773046156462
        ],
        [
            910.6277899117529,
            0.0,
            304.69179631298965
        ],
        [
            914.037881838077,
            0.0,
            284.3629952454461
        ],
        [
            919.4710676472532,
            0.0,
            264.4683691098434
        ],
        [
            924.954935721002,
            0.0,
            244.59952858776535
        ],
        [
            926.6685341389857,
            0.0,
            222.4734317546779
        ],
        [
            927.6366278096979,
            0.0,
            201.40965529450668
        ],
        [
            931.7601749381555,
            0.0,
            181.37954377276907
        ],
        [
            935.4512716538709,
            0.0,
            161.26525001114064
        ],
        [
            938.2521749228491,
            0.0,
            140.7459368953272
        ],
        [
            940.0745247576318,
            0.0,
            120.37420986952645
        ],
        [
            946.2055823902623,
            0.0,
            102.5819592009462
        ],
        [
            952.9281122262394,
            0.0,
            82.58488317444005
        ],
        [
            954.486038258644,
            0.0,
            62.037510985840434
        ],
        [
            959.336054773979,
            0.0,
            41.8855167175639
        ],
        [
            964.2818074822825,
            0.0,
            20.514525553917714
        ],
        [
            967.75,
            0.0,
            5.925759699374256e-14
        ],
        [
            970.5247267754833,
            0.0,
            -20.9121308664077
        ],
        [
            973.5608637182445,
            0.0,
            -42.77259211441133
        ],
        [
            978.0053109659568,
            0.0,
            -62.494893570450884
        ],
        [
            980.6666008327829,
            0.0,
            -83.91114652461397
        ],
        [
            984.2036213221182,
            0.0,
            -106.97304228836566
        ],
        [
            1645.722901535169,
            0.0,
            -305.01671079248194
        ],
        [
            2589.4714170235,
            0.0,
            -1278.7422650473027
        ],
        [
            2393.843082884115,
            0.0,
            -1315.0064095006821
        ],
        [
            1709.2849898642626,
            0.0,
            -1148.862512846828
        ],
        [
            1336.5114837479741,
            0.0,
            -1182.4454760409837
        ],
        [
            1293.0171480819918,
            0.0,
            -1193.2924640530975
        ],
        [
            354.11245684686605,
            0.0,
            -416.9093041728338
        ],
        [
            260.05303346594997,
            0.0,
            -340.25061687696837
        ],
        [
            217.26516876881146,
            0.0,
            -321.16336799183665
        ],
        [
            208.71649150989745,
            0.0,
            -323.5157278584751
        ],
        [
            203.16055000748364,
            0.0,
            -328.5039625646192
        ],
        [
            198.6663102715293,
            0.0,
            -337.0582437251705
        ],
        [
            171.1813207175972,
            0.0,
            -322.3692842647685
        ],
        [
            162.2356862365391,
            0.0,
            -321.65143340479494
        ],
        [
            154.0438607595098,
            0.0,
            -322.0551023696174
        ],
        [
            146.86434357079986,
            0.0,
            -324.84321539400827
        ],
        [
            139.43965332450685,
            0.0,
            -329.9994630006863
        ],
        [
