{
    "timestamp": 1777778082,
    "capture_id": 55,
    "lidar_points": [
        [
            -157.93275882815513,
            0.0,
            1125.9779055065546
        ],
        [
            -131.66569394725747,
            0.0,
            1120.2893130961247
        ],
        [
            -106.80427662494084,
            0.0,
            1112.3844193868517
        ],
        [
            -81.1076482446517,
            0.0,
            1107.7847768841302
        ],
        [
            11.678866281323486,
            0.0,
            1529.4554109493952
        ],
        [
            45.9123169765786,
            0.0,
            1530.0613130361287
        ],
        [
            79.10732767379221,
            0.0,
            1533.4608833316588
        ],
        [
            112.83510551433552,
            0.0,
            1541.1248494082395
        ],
        [
            147.5174539278561,
            0.0,
            1549.7448703856523
        ],
        [
            181.73957304028275,
            0.0,
            1553.6565869236147
        ],
        [
            217.20321019742516,
            0.0,
            1551.6211934553914
        ],
        [
            251.408301652552,
            0.0,
            1557.0842714381836
        ],
        [
            289.40142636858445,
            0.0,
            1566.237330967382
        ],
        [
            323.4916461312473,
            0.0,
            1570.275045138047
        ],
        [
            360.1622669725208,
            0.0,
            1571.7631473759698
        ],
        [
            397.5451172255328,
            0.0,
            1574.33222106077
        ],
        [
            433.9926750433547,
            0.0,
            1576.6080427641846
        ],
        [
            473.077076753368,
            0.0,
            1584.3801088913253
        ],
        [
            515.303661938608,
            0.0,
            1594.8160194808243
        ],
        [
            628.1879504542827,
            0.0,
            1585.8634750204849
        ],
        [
            713.3563853066785,
            0.0,
            1596.3630281180372
        ],
        [
            760.2998448923992,
            0.0,
            1607.5189604967632
        ],
        [
            807.2533407960594,
            0.0,
            1613.5861012891755
        ],
        [
            856.6401729025246,
            0.0,
            1623.9038192483977
        ],
        [
            904.0888969794858,
            0.0,
            1628.9236527101007
        ],
        [
            954.1576982682861,
            0.0,
            1634.072565504778
        ],
        [
            1008.3482278929046,
            0.0,
            1644.4679538699559
        ],
        [
            1061.391912824004,
            0.0,
            1650.118543436138
        ],
        [
            1113.3530708102571,
            0.0,
            1650.6138069570882
        ],
        [
            1169.602968750284,
            0.0,
            1653.9927321456169
        ],
        [
            1212.9005607090448,
            0.0,
            1490.313550844816
        ],
        [
            1220.3640898753617,
            0.0,
            1435.9845884070903
        ],
        [
            892.1878304837516,
            0.0,
            949.9797038025058
        ],
        [
            989.3377854384042,
            0.0,
            967.4579106110167
        ],
        [
            1038.8618137400613,
            0.0,
            972.468576331755
        ],
        [
            1145.7559183585538,
            0.0,
            985.0707464676568
        ],
        [
            1336.5657494018035,
            0.0,
            1008.3179359834852
        ],
        [
            1450.6385270048797,
            0.0,
            949.9494007414881
        ],
        [
            1443.199670925242,
            0.0,
            901.2640899543671
        ],
        [
            1447.4351705152387,
            0.0,
            861.6679622427203
        ],
        [
            1456.5473109602333,
            0.0,
            823.5505409108258
        ],
        [
            1464.2428605151624,
            0.0,
            785.2229590570914
        ],
        [
            1461.6364951422431,
            0.0,
            743.2353722531642
        ],
        [
            1467.9129555359875,
            0.0,
            708.0371582548488
        ],
        [
            1475.5520148953638,
            0.0,
            670.5048947160882
        ],
        [
            923.1375665226935,
            0.0,
            362.47082058361553
        ],
        [
            927.4421462671819,
            0.0,
            339.854568642711
        ],
        [
            931.1104762610249,
            0.0,
            317.48597370115
        ],
        [
            936.2273736947138,
            0.0,
            296.31453684336617
        ],
        [
            937.6992988288523,
            0.0,
            276.09106283231785
        ],
        [
            939.3633831934344,
            0.0,
            253.6245932779092
        ],
        [
            944.2611468128808,
            0.0,
            231.60515780012986
        ],
        [
            945.9736007408509,
            0.0,
            209.98796799195216
        ],
        [
            946.6001434213052,
            0.0,
            188.82725167402128
        ],
        [
            949.4176619229314,
            0.0,
            168.47600935680498
        ],
        [
            952.0452146183496,
            0.0,
            148.12886053129725
        ],
        [
            954.9405459494669,
            0.0,
            126.25021267995618
        ],
        [
            957.3518994588308,
            0.0,
            106.43262236066931
        ],
        [
            959.0405375721474,
            0.0,
            84.4322793327672
        ],
        [
            961.0478767346832,
            0.0,
            65.09639870036601
        ],
        [
            964.2611131333417,
            0.0,
            43.68143998139912
        ],
        [
            968.2336569231434,
            0.0,
            22.712014468925318
        ],
        [
            971.2498555372746,
            0.0,
            0.5297346724856953
        ],
        [
            972.8227196814782,
            0.0,
            -18.57299306875554
        ],
        [
            976.1827003493129,
            0.0,
            -39.95416797686698
        ],
        [
            980.2677768395624,
            0.0,
            -62.37105250051321
        ],
        [
            981.617001153082,
            0.0,
            -84.53180198735927
        ],
        [
            984.3197252287107,
            0.0,
            -105.89937925066174
        ],
        [
            989.2828287452728,
            0.0,
            -127.77219865741988
        ],
        [
            991.9452788232455,
            0.0,
            -150.18364198631576
        ],
        [
            1641.3630175367593,
            0.0,
            -379.88156991702533
        ],
        [
            3233.1869374227917,
            0.0,
            -1347.5013136092405
        ],
        [
            2667.8359433045266,
            0.0,
            -1400.8308042416993
        ],
        [
            2452.213040398978,
            0.0,
            -1430.0883773379874
        ],
        [
            2259.312296370304,
            0.0,
            -1455.8530179829086
        ],
        [
            506.76202052446473,
            0.0,
            -437.13592514681517
        ],
        [
            415.3209226901805,
            0.0,
            -395.85046883359524
        ],
        [
            401.6528724861138,
            0.0,
            -400.55902501835305
        ],
        [
            365.5749449914228,
            0.0,
            -400.4872308757399
        ],
        [
