{
    "timestamp": 1777777895,
    "capture_id": 23,
    "lidar_points": [
        [
            -85.35940557433823,
            0.0,
            688.9824630424171
        ],
        [
            -51.280648614216865,
            0.0,
            677.5622075335261
        ],
        [
            -36.240780604180436,
            0.0,
            670.521331369256
        ],
        [
            -21.643673286605203,
            0.0,
            661.1458246156159
        ],
        [
            -7.317822182946571,
            0.0,
            654.4590892320915
        ],
        [
            47.75963368266385,
            0.0,
            574.7691535655839
        ],
        [
            227.87254422978336,
            0.0,
            1556.6597785278084
        ],
        [
            263.55473942825694,
            0.0,
            1564.4555440551526
        ],
        [
            300.76266487286534,
            0.0,
            1574.7864559738164
        ],
        [
            338.8726645877202,
            0.0,
            1583.649445803969
        ],
        [
            376.6523714747435,
            0.0,
            1584.0868200835623
        ],
        [
            414.51892052058207,
            0.0,
            1586.7495279754935
        ],
        [
            452.38568846574583,
            0.0,
            1594.0502466582957
        ],
        [
            621.7073638111035,
            0.0,
            1630.2246827609524
        ],
        [
            665.8037015383971,
            0.0,
            1633.7942017028242
        ],
        [
            708.4918075922469,
            0.0,
            1636.7381001781166
        ],
        [
            753.4276356777572,
            0.0,
            1636.658137882504
        ],
        [
            797.2534499541578,
            0.0,
            1639.1474915443678
        ],
        [
            845.0351879011374,
            0.0,
            1644.040078954552
        ],
        [
            898.1831009099926,
            0.0,
            1656.401273767836
        ],
        [
            950.5044692773919,
            0.0,
            1666.2005630726762
        ],
        [
            999.9390970911326,
            0.0,
            1666.2359870704302
        ],
        [
            1055.9666960248255,
            0.0,
            1674.6176875294295
        ],
        [
            1105.3079770349211,
            0.0,
            1671.9187595104527
        ],
        [
            1132.365672568187,
            0.0,
            1628.502451207611
        ],
        [
            1144.7564859918598,
            0.0,
            1568.415012131537
        ],
        [
            1156.3479018739877,
            0.0,
            1512.9532683898822
        ],
        [
            1165.8555892430147,
            0.0,
            1453.4377549557541
        ],
        [
            868.041985711795,
            0.0,
            978.4513840970967
        ],
        [
            912.7318371593437,
            0.0,
            984.1522524161234
        ],
        [
            960.9278609245308,
            0.0,
            992.9001503670978
        ],
        [
            1011.0576769636875,
            0.0,
            1000.6341108780929
        ],
        [
            1061.4040483837298,
            0.0,
            1007.2348328838854
        ],
        [
            1366.2226428057638,
            0.0,
            1038.3119426669589
        ],
        [
            1385.3114654418464,
            0.0,
            1005.910604236462
        ],
        [
            1394.6244574901414,
            0.0,
            964.6712834278468
        ],
        [
            1402.0695093602474,
            0.0,
            924.1653820730979
        ],
        [
            1407.68384054617,
            0.0,
            884.965404727883
        ],
        [
            1415.3661944728485,
            0.0,
            844.6695200156373
        ],
        [
            1420.8477478327732,
            0.0,
            805.9242690715649
        ],
        [
            1425.7216597854165,
            0.0,
            766.067881338669
        ],
        [
            1427.6395016789425,
            0.0,
            727.9091311735972
        ],
        [
            1433.9893237967071,
            0.0,
            689.747186827944
        ],
        [
            905.9157707974629,
            0.0,
            376.4008717052057
        ],
        [
            909.9519783050602,
            0.0,
            355.0041685370855
        ],
        [
            913.5403942142533,
            0.0,
            334.1953180983642
        ],
        [
            915.5117664959745,
            0.0,
            311.3313434388198
        ],
        [
            916.2852631727093,
            0.0,
            289.7280043290928
        ],
        [
            922.8276074061666,
            0.0,
            268.16078574058884
        ],
        [
            929.8008495809675,
            0.0,
            247.78103764919385
        ],
        [
            930.8553196502213,
            0.0,
            226.43403869313516
        ],
        [
            930.5021904397669,
            0.0,
            204.6905862192881
        ],
        [
            932.3475361814644,
            0.0,
            182.2856872504064
        ],
        [
            935.8558613412831,
            0.0,
            161.86064775962387
        ],
        [
            944.6415724741698,
            0.0,
            141.96782048593872
        ],
        [
            944.7530296427138,
            0.0,
            121.23515571365243
        ],
        [
            941.5664442339283,
            0.0,
            101.29970924280484
        ],
        [
            946.9433099782761,
            0.0,
            79.20498839963562
        ],
        [
            950.8601641565497,
            0.0,
            59.97925241430862
        ],
        [
            954.0139223508302,
            0.0,
            37.48330909597081
        ],
        [
            960.8443445519118,
            0.0,
            17.29582442692227
        ],
        [
            966.9956491279652,
            0.0,
            -2.9007874077925995
        ],
        [
            969.4107321366542,
            0.0,
            -25.649462338926053
        ],
        [
            972.5900691922661,
            0.0,
            -47.51441684986586
        ],
        [
            977.1879384874519,
            0.0,
            -67.26055957724398
        ],
        [
            980.8185499749279,
            0.0,
            -90.66406137538569
        ],
        [
            983.9455245218073,
            0.0,
            -111.56284002079492
        ],
        [
            989.4528908260937,
            0.0,
            -134.1090110167333
        ],
        [
            1640.611559211714,
            0.0,
            -280.98747619940013
        ],
        [
            1638.422554802892,
            0.0,
            -318.01341467485975
        ],
        [
            2714.315635914539,
            0.0,
            -1316.537576801304
        ],
        [
            2614.273117468373,
            0.0,
            -1340.131012170897
        ],
        [
            2406.9030419780456,
            0.0,
            -1373.0472484648262
        ],
        [
            1672.4133379127136,
            0.0,
            -1170.3568642391324
        ],
        [
            253.9805112155075,
            0.0,
            -273.8542494151031
        ],
        [
            243.64819065911885,
            0.0,
            -276.4557997013947
        ],
        [
            235.95611608146754,
            0.0,
            -280.1138586070832
        ],
        [
            228.22800277815094,
            0.0,
            -284.5251153200651
        ],
        [
            221.65688402136172,
            0.0,
            -289.35873196767466
        ],
        [
