{
    "timestamp": 1777778025,
    "capture_id": 49,
    "lidar_points": [
        [
            -163.71466970401553,
            0.0,
            1190.7986844650547
        ],
        [
            -138.3443710923681,
            0.0,
            1202.5685365030374
        ],
        [
            -112.68482306528414,
            0.0,
            1208.25675278508
        ],
        [
            -86.9601978543388,
            0.0,
            1210.3801774604267
        ],
        [
            -59.114280645956946,
            0.0,
            1203.2988258631815
        ],
        [
            -31.96639930569596,
            0.0,
            1195.8228179021457
        ],
        [
            -6.141281648887001,
            0.0,
            1185.2340896041208
        ],
        [
            20.71617783672594,
            0.0,
            1168.5663877058234
        ],
        [
            188.06765353796112,
            0.0,
            1567.0046650194522
        ],
        [
            223.2562971991329,
            0.0,
            1572.9854380320664
        ],
        [
            258.7487661233219,
            0.0,
            1577.9258778629808
        ],
        [
            297.7815261739581,
            0.0,
            1592.1420241829899
        ],
        [
            330.8669351650034,
            0.0,
            1590.7041314193275
        ],
        [
            365.426772399132,
            0.0,
            1588.7662938626163
        ],
        [
            405.369908341227,
            0.0,
            1607.1656689375322
        ],
        [
            444.7169867394056,
            0.0,
            1613.8472051918122
        ],
        [
            521.1097230861574,
            0.0,
            1615.7969300023651
        ],
        [
            563.5717785512082,
            0.0,
            1626.6373598379657
        ],
        [
            602.4715041738012,
            0.0,
            1626.238343281377
        ],
        [
            646.9985734126483,
            0.0,
            1635.9564201108776
        ],
        [
            689.7102155769744,
            0.0,
            1638.5038544442805
        ],
        [
            734.4480417071516,
            0.0,
            1647.1788986119661
        ],
        [
            785.8181595165773,
            0.0,
            1667.3513075155995
        ],
        [
            837.3896372258336,
            0.0,
            1680.6914225897588
        ],
        [
            884.0855704673053,
            0.0,
            1680.3702766329507
        ],
        [
            990.1134032013598,
            0.0,
            1703.1075857975095
        ],
        [
            1093.88488321925,
            0.0,
            1704.7187780582485
        ],
        [
            1112.0453602137172,
            0.0,
            1654.5081948504042
        ],
        [
            1125.2560068368498,
            0.0,
            1520.6962160726207
        ],
        [
            1144.7490491775618,
            0.0,
            1479.2970845665411
        ],
        [
            848.395740265766,
            0.0,
            992.2474076050302
        ],
        [
            944.8671226108124,
            0.0,
            1014.3545647894348
        ],
        [
            994.2472982628682,
            0.0,
            1023.9701521025831
        ],
        [
            1047.1754924186343,
            0.0,
            1031.3042958204871
        ],
        [
            1100.4878420231692,
            0.0,
            1039.7704119464008
        ],
        [
            1354.3604353290248,
            0.0,
            983.4362580845667
        ],
        [
            1384.736959566583,
            0.0,
            960.0669522540057
        ],
        [
            1386.543650642184,
            0.0,
            917.7332223276247
        ],
        [
            1396.9597731808826,
            0.0,
            880.8834441141556
        ],
        [
            1406.6276476171188,
            0.0,
            844.6651546377004
        ],
        [
            1415.601673474695,
            0.0,
            808.5709397175013
        ],
        [
            1423.674735052096,
            0.0,
            772.4896836038292
        ],
        [
            1421.3386960599219,
            0.0,
            732.5280275065801
        ],
        [
            892.7246615307661,
            0.0,
            401.85031876904003
        ],
        [
            896.42236990999,
            0.0,
            379.64349688221574
        ],
        [
            901.6668683328721,
            0.0,
            358.3042297416972
        ],
        [
            905.6201340146138,
            0.0,
            338.3160288359881
        ],
        [
            909.267403783521,
            0.0,
            316.41800030462133
        ],
        [
            912.3817665879094,
            0.0,
            296.175749341376
        ],
        [
            916.2315595602415,
            0.0,
            275.481926386846
        ],
        [
            922.023127813762,
            0.0,
            255.42888301154818
        ],
        [
            927.3116728619373,
            0.0,
            235.5071631054892
        ],
        [
            928.8661215652373,
            0.0,
            213.11200859724866
        ],
        [
            929.5692269388497,
            0.0,
            192.2930441495722
        ],
        [
            933.7887285642202,
            0.0,
            172.01412850814657
        ],
        [
            942.7913784737889,
            0.0,
            110.544014652504
        ],
        [
            949.0351901302132,
            0.0,
            92.16538338503324
        ],
        [
            954.0412034505003,
            0.0,
            71.94403810407789
        ],
        [
            955.6332613623291,
            0.0,
            51.12797451492169
        ],
        [
            959.0032517930513,
            0.0,
            30.870909451349323
        ],
        [
            963.2061230328453,
            0.0,
            9.193859474413244
        ],
        [
            967.4365386073798,
            0.0,
            -11.08123492088436
        ],
        [
            973.9247654085801,
            0.0,
            -33.478370985490294
        ],
        [
            979.0709834810954,
            0.0,
            -52.91747636991662
        ],
        [
            979.6981146456062,
            0.0,
            -74.1475162081945
        ],
        [
            982.9407623923629,
            0.0,
            -97.3525558345562
        ],
        [
            988.374483965377,
            0.0,
            -118.89545595259223
        ],
        [
            1643.4670199664704,
            0.0,
            -252.49498367795104
        ],
        [
            1648.4011760673661,
            0.0,
            -290.1941164802008
        ],
        [
            2790.7317288939485,
            0.0,
            -1272.7289498729072
        ],
        [
            2557.457845239819,
            0.0,
            -1305.7264720535081
        ],
        [
            1718.3172478455613,
            0.0,
            -1135.3088063414534
        ],
        [
            517.981994988187,
            0.0,
            -469.7288743180025
        ],
        [
            509.67417324334923,
            0.0,
            -484.1913228556543
        ],
        [
            496.731354607641,
            0.0,
            -492.1468519148101
        ],
        [
            483.1209881737362,
            0.0,
            -498.923201290572
        ],
        [
            474.53165179518123,
            0.0,
            -512.2233633333577
        ],
        [
            469.0497029097608,
            0.0,
            -529.0003555766906
        ],
        [
            468.52396870513365,
            0.0,
            -551.3053062947888
        ],
        [
