{
    "timestamp": 1777778008,
    "capture_id": 36,
    "lidar_points": [
        [
            -102.27134532306813,
            0.0,
            768.7267537466156
        ],
        [
            -85.03487777167973,
            0.0,
            780.3807209063763
        ],
        [
            -68.57325189206328,
            0.0,
            786.2653951592603
        ],
        [
            -54.539764618914006,
            0.0,
            792.3752119894422
        ],
        [
            -36.34140091412963,
            0.0,
            792.6673656582554
        ],
        [
            -17.946414616901652,
            0.0,
            783.294437745091
        ],
        [
            -1.900293492159495,
            0.0,
            774.2476679878627
        ],
        [
            14.811193003065098,
            0.0,
            764.8566065360395
        ],
        [
            32.867815441578614,
            0.0,
            757.5373054893721
        ],
        [
            49.46988251617186,
            0.0,
            751.6237710609186
        ],
        [
            117.52717310183499,
            0.0,
            646.9108235164189
        ],
        [
            354.42241656433197,
            0.0,
            1596.6355252958324
        ],
        [
            393.03519416240067,
            0.0,
            1604.3071397490332
        ],
        [
            430.456399386077,
            0.0,
            1611.75846538108
        ],
        [
            542.653928859513,
            0.0,
            1608.6894591540452
        ],
        [
            593.3083402413972,
            0.0,
            1642.634306046236
        ],
        [
            637.5540572217316,
            0.0,
            1652.79674313574
        ],
        [
            678.3049797123344,
            0.0,
            1650.2879800196843
        ],
        [
            719.2475797026228,
            0.0,
            1646.7822925608348
        ],
        [
            763.4260313995001,
            0.0,
            1655.9990774700357
        ],
        [
            817.4710145761809,
            0.0,
            1674.9045354371065
        ],
        [
            866.0685104437237,
            0.0,
            1681.5759231202703
        ],
        [
            915.8202375604741,
            0.0,
            1688.927131339501
        ],
        [
            1007.8252151576695,
            0.0,
            1682.4951406147945
        ],
        [
            1044.8746767317596,
            0.0,
            1660.03589115558
        ],
        [
            1101.32777533738,
            0.0,
            1594.0462293391672
        ],
        [
            1130.3222026674512,
            0.0,
            1490.6633693282333
        ],
        [
            835.091693980956,
            0.0,
            994.6725215587377
        ],
        [
            875.5656531611987,
            0.0,
            1001.1417417151297
        ],
        [
            916.3812705939906,
            0.0,
            1003.8953777184869
        ],
        [
            1016.0099019859869,
            0.0,
            1020.4527813997203
        ],
        [
            1326.5686647341315,
            0.0,
            1079.034558179442
        ],
        [
            1377.2666810831038,
            0.0,
            1023.1981976520151
        ],
        [
            1383.0891344842987,
            0.0,
            982.0022956039733
        ],
        [
            1389.80225498171,
            0.0,
            942.9580807478951
        ],
        [
            1391.1519281157107,
            0.0,
            900.1918200583365
        ],
        [
            1397.0957062527266,
            0.0,
            860.3395551003075
        ],
        [
            1397.4140216875282,
            0.0,
            819.0385305289905
        ],
        [
            1405.7763270463272,
            0.0,
            783.2486711231229
        ],
        [
            1417.682861683791,
            0.0,
            750.3274643034578
        ],
        [
            1424.161994417577,
            0.0,
            715.4031563786598
        ],
        [
            898.7503821607706,
            0.0,
            391.9540796647851
        ],
        [
            901.1030206160444,
            0.0,
            370.37333696776915
        ],
        [
            902.1949118988912,
            0.0,
            349.42894977913875
        ],
        [
            905.170185239854,
            0.0,
            327.220393241082
        ],
        [
            908.5394452039366,
            0.0,
            306.1986920424763
        ],
        [
            913.0986661743891,
            0.0,
            286.5306717099436
        ],
        [
            918.8191958508165,
            0.0,
            266.7242917997138
        ],
        [
            924.3518128298206,
            0.0,
            246.86897054555928
        ],
        [
            926.1197116439123,
            0.0,
            224.74714615451006
        ],
        [
            927.1395006323143,
            0.0,
            203.6858091946096
        ],
        [
            930.8216449898874,
            0.0,
            183.56913607227102
        ],
        [
            934.358401602821,
            0.0,
            163.1766752762824
        ],
        [
            937.6567647835983,
            0.0,
            143.01063406458917
        ],
        [
            940.7678374778217,
            0.0,
            122.81057962286017
        ],
        [
            947.1933424122453,
            0.0,
            105.04176355107067
        ],
        [
            952.7225484471359,
            0.0,
            84.92346954991213
        ],
        [
            954.3309005751797,
            0.0,
            64.37998297115685
        ],
        [
            955.7460643900894,
            0.0,
            43.81806594151634
        ],
        [
            958.9862007264071,
            0.0,
            22.49509538390977
        ],
        [
            965.9964079559918,
            0.0,
            2.6343530744679873
        ],
        [
            970.5731296308273,
            0.0,
            -18.530044215307747
        ],
        [
            973.9126962707721,
            0.0,
            -40.39334775176053
        ],
        [
            978.6548096985963,
            0.0,
            -60.124981944315465
        ],
        [
            979.374747579675,
            0.0,
            -81.37976593261871
        ],
        [
            982.9715970993658,
            0.0,
            -104.39870351648113
        ],
        [
            1646.7124923711888,
            0.0,
            -301.0215398749191
        ],
        [
            2748.113044129867,
            0.0,
            -1273.2640178624683
        ],
        [
            2522.0997167124956,
            0.0,
            -1305.064397437441
        ],
        [
            485.22045787364664,
            0.0,
            -393.14292218083835
        ],
        [
            478.22445400212985,
            0.0,
            -403.9521897382965
        ],
        [
            474.5049981941385,
            0.0,
            -419.3454055892119
        ],
        [
            325.6112885413901,
            0.0,
            -354.37106438649244
        ],
        [
            283.2299993614076,
            0.0,
            -339.980907495902
        ],
        [
            273.56228431056905,
            0.0,
            -341.4233832103235
        ],
        [
            265.57217340505446,
            0.0,
            -346.1003947020513
        ],
        [
            259.4371082195217,
            0.0,
            -353.827570122358
        ],
        [
            230.1449690283702,
            0.0,
            -344.4362868963294
        ],
        [
            217.3771370270096,
            0.0,
            -345.5651064530976
        ],
        [
