{
    "timestamp": 1777778007,
    "capture_id": 33,
    "lidar_points": [
        [
            -90.69181702563354,
            0.0,
            778.9884831142172
        ],
        [
            -77.10621947657641,
            0.0,
            789.4936310180279
        ],
        [
            -60.459564409387426,
            0.0,
            795.9570990772223
        ],
        [
            -40.48628870336964,
            0.0,
            793.217449963771
        ],
        [
            -23.522282925939454,
            0.0,
            783.8971646242587
        ],
        [
            -7.610876816125129,
            0.0,
            775.212639895719
        ],
        [
            9.621420565230087,
            0.0,
            766.9396509936796
        ],
        [
            27.51392276549312,
            0.0,
            758.2509786040863
        ],
        [
            44.1247207637239,
            0.0,
            751.7060655718586
        ],
        [
            58.58962982475661,
            0.0,
            754.9800115082504
        ],
        [
            380.03710644151505,
            0.0,
            1596.3874209375242
        ],
        [
            417.6299919503139,
            0.0,
            1604.0235159821007
        ],
        [
            532.9927765222226,
            0.0,
            1611.9161773104495
        ],
        [
            579.0997921573571,
            0.0,
            1633.9111605969604
        ],
        [
            623.469217298614,
            0.0,
            1644.2653025230004
        ],
        [
            666.4063510701126,
            0.0,
            1648.1194246029072
        ],
        [
            706.7888748560305,
            0.0,
            1645.0956617716024
        ],
        [
            749.2470449758629,
            0.0,
            1647.643427928184
        ],
        [
            801.5592310181099,
            0.0,
            1667.6114240642682
        ],
        [
            852.4512841858744,
            0.0,
            1680.9548984401256
        ],
        [
            902.9494691960919,
            0.0,
            1688.1920821039578
        ],
        [
            957.4316805579275,
            0.0,
            1703.0747604154149
        ],
        [
            1002.164127928695,
            0.0,
            1696.0445338177055
        ],
        [
            1051.9116796017724,
            0.0,
            1693.6708301253163
        ],
        [
            1087.6974071981874,
            0.0,
            1670.9139453826879
        ],
        [
            1110.0575531111126,
            0.0,
            1627.474186824777
        ],
        [
            1135.4473418279404,
            0.0,
            1512.7893389153244
        ],
        [
            821.409662221107,
            0.0,
            988.1857956932018
        ],
        [
            911.1673627691641,
            0.0,
            1008.630060787545
        ],
        [
            954.2312683000205,
            0.0,
            1011.0577377670053
        ],
        [
            1056.7711370575066,
            0.0,
            1027.2165430824136
        ],
        [
            1237.8182300244246,
            0.0,
            1061.2899129922987
        ],
        [
            1360.705350006364,
            0.0,
            975.0676645567008
        ],
        [
            1395.53120576505,
            0.0,
            954.0874717424742
        ],
        [
            1396.629169535322,
            0.0,
            912.4061734244663
        ],
        [
            1402.1937637498245,
            0.0,
            873.0009801833565
        ],
        [
            1406.6855148375519,
            0.0,
            834.8137066712617
        ],
        [
            1406.2720018818018,
            0.0,
            793.1010696773457
        ],
        [
            1418.403451442219,
            0.0,
            760.1428888286733
        ],
        [
            1425.1151540825233,
            0.0,
            725.1536372413404
        ],
        [
            895.6722477270151,
            0.0,
            395.85576559099974
        ],
        [
            897.3259885660034,
            0.0,
            374.2674615085378
        ],
        [
            900.7579881661047,
            0.0,
            353.116548401447
        ],
        [
            905.536674849798,
            0.0,
            333.5091160702676
        ],
        [
            911.0926580041322,
            0.0,
            313.4364664983404
        ],
        [
            914.7772627336581,
            0.0,
            291.9976405478575
        ],
        [
            917.4988515231165,
            0.0,
            271.2313034178802
        ],
        [
            923.1288660349558,
            0.0,
            251.4033794383375
        ],
        [
            925.0053333651538,
            0.0,
            229.29049968548784
        ],
        [
            926.0716726815565,
            0.0,
            208.4869769476842
        ],
        [
            930.3994121347118,
            0.0,
            188.2352156196672
        ],
        [
            934.5761536690821,
            0.0,
            167.68322215744803
        ],
        [
            938.1782390534065,
            0.0,
            147.80613744580847
        ],
        [
            940.6491303121377,
            0.0,
            127.49422003769071
        ],
        [
            946.7557334055305,
            0.0,
            108.91547761340466
        ],
        [
            952.6403017604807,
            0.0,
            88.5833955191391
        ],
        [
            954.327515983612,
            0.0,
            68.04083139225104
        ],
        [
            955.5718057941328,
            0.0,
            47.46668801738636
        ],
        [
            957.3794990780937,
            0.0,
            26.63751574337413
        ],
        [
            963.7341960158622,
            0.0,
            5.519232705702867
        ],
        [
            969.8868891830282,
            0.0,
            -14.81290622627416
        ],
        [
            974.0497781921282,
            0.0,
            -36.94038581100535
        ],
        [
            978.8772281419172,
            0.0,
            -56.388139047116304
        ],
        [
            980.4259651775674,
            0.0,
            -77.69927159012025
        ],
        [
            983.8329211328835,
            0.0,
            -100.96426741742584
        ],
        [
            996.2348033264516,
            0.0,
            -122.59803889584157
        ],
        [
            1648.0653874309264,
            0.0,
            -258.72483694487175
        ],
        [
            1653.0213698766754,
            0.0,
            -297.0531951200657
        ],
        [
            2751.002730998842,
            0.0,
            -1266.4107643402735
        ],
        [
            2539.3894782197876,
            0.0,
            -1306.9954391300048
        ],
        [
            489.23500791632495,
            0.0,
            -395.73307863901573
        ],
        [
            483.3326796541517,
            0.0,
            -407.5899695506958
        ],
        [
            480.75938010088066,
            0.0,
            -422.07876154222316
        ],
        [
            328.757159406973,
            0.0,
            -354.87010671322844
        ],
        [
            288.51782712801116,
            0.0,
            -344.03264878399415
        ],
        [
            277.69098096452655,
            0.0,
            -343.87747685906817
        ],
        [
            269.7184771257203,
            0.0,
            -347.95402799361625
        ],
        [
            261.0072977765099,
            0.0,
            -355.1559558945961
        ],
        [
            232.08265997133213,
            0.0,
            -347.952153953142
        ],
        [
