{
    "timestamp": 1777777895,
    "capture_id": 24,
    "lidar_points": [
        [
            -41.03922238802282,
            0.0,
            674.0017394085763
        ],
        [
            -25.735673305070648,
            0.0,
            664.2516372727542
        ],
        [
            -9.940163677711366,
            0.0,
            662.6754527263405
        ],
        [
            218.50176850730273,
            0.0,
            1554.7208679242656
        ],
        [
            253.70844243606334,
            0.0,
            1560.5105018027486
        ],
        [
            291.91796066226334,
            0.0,
            1565.5159386741436
        ],
        [
            327.2299732912806,
            0.0,
            1575.3734619384027
        ],
        [
            366.72645634408593,
            0.0,
            1588.4667981161297
        ],
        [
            406.10296134672825,
            0.0,
            1593.5685221493984
        ],
        [
            444.3881937853775,
            0.0,
            1597.3362617884093
        ],
        [
            610.4469924398392,
            0.0,
            1623.2613874299957
        ],
        [
            650.8771421380643,
            0.0,
            1624.995137174935
        ],
        [
            695.9324927938652,
            0.0,
            1629.6201905578234
        ],
        [
            741.8040636826263,
            0.0,
            1634.8239335182068
        ],
        [
            785.4759735462749,
            0.0,
            1638.7266573414652
        ],
        [
            830.0737306783373,
            0.0,
            1639.043978707633
        ],
        [
            882.4546913382676,
            0.0,
            1650.9566068601207
        ],
        [
            937.1085018864779,
            0.0,
            1663.7361286249936
        ],
        [
            989.6159715355535,
            0.0,
            1670.644573624726
        ],
        [
            1045.219926499317,
            0.0,
            1675.750669177477
        ],
        [
            1080.1584785032371,
            0.0,
            1650.4586972467903
        ],
        [
            1156.3210016952612,
            0.0,
            1532.7497320301404
        ],
        [
            1162.2516912339622,
            0.0,
            1471.0059716818944
        ],
        [
            854.1073049893131,
            0.0,
            976.068497372952
        ],
        [
            898.0699347089978,
            0.0,
            981.6825568236285
        ],
        [
            946.9083841733348,
            0.0,
            990.7748291020741
        ],
        [
            995.2113692514849,
            0.0,
            998.47353145318
        ],
        [
            1298.761110381251,
            0.0,
            1047.0327791722952
        ],
        [
            1359.4202075843937,
            0.0,
            1048.4308569053107
        ],
        [
            1390.9012003923376,
            0.0,
            1024.524329016717
        ],
        [
            1395.3194680828071,
            0.0,
            979.8513060608291
        ],
        [
            1401.2022822350998,
            0.0,
            939.0195561111321
        ],
        [
            1408.0081529324646,
            0.0,
            897.5400290659517
        ],
        [
            1414.1970011882372,
            0.0,
            859.2115015118203
        ],
        [
            1421.5732948670673,
            0.0,
            821.2627045110416
        ],
        [
            1426.2152498471883,
            0.0,
            782.4484798396137
        ],
        [
            1426.0722815693143,
            0.0,
            741.8720224807582
        ],
        [
            1428.1070702693833,
            0.0,
            701.8452524214996
        ],
        [
            903.3264289929019,
            0.0,
            385.76732000382293
        ],
        [
            907.0853914066594,
            0.0,
            363.6119568944722
        ],
        [
            909.0889709801542,
            0.0,
            340.4596970894565
        ],
        [
            909.9757398550221,
            0.0,
            316.66449576058443
        ],
        [
            913.8936475571471,
            0.0,
            295.56496909257197
        ],
        [
            917.5927564912134,
            0.0,
            276.1640739394912
        ],
        [
            920.6834414326049,
            0.0,
            253.7065246930302
        ],
        [
            923.4066367411756,
            0.0,
            231.56895997164793
        ],
        [
            925.999993802897,
            0.0,
            212.1886224024153
        ],
        [
            930.6533456261611,
            0.0,
            191.98805372947803
        ],
        [
            934.7000491872212,
            0.0,
            169.81112463382993
        ],
        [
            938.9882797847632,
            0.0,
            128.5732200998762
        ],
        [
            943.3082241076662,
            0.0,
            108.25822985270403
        ],
        [
            949.0020959786526,
            0.0,
            87.2010425862226
        ],
        [
            951.9436123822469,
            0.0,
            66.30551519020614
        ],
        [
            954.1870973541569,
            0.0,
            45.050479940270776
        ],
        [
            956.4356632292654,
            0.0,
            24.523144235504514
        ],
        [
            959.4939702956202,
            0.0,
            3.4016123158617715
        ],
        [
            965.8339085418977,
            0.0,
            -17.91259642489514
        ],
        [
            972.7598533416336,
            0.0,
            -37.95415295805629
        ],
        [
            976.6421740561982,
            0.0,
            -60.268680546221454
        ],
        [
            979.3302161338079,
            0.0,
            -81.91391986292219
        ],
        [
            983.1916848288862,
            0.0,
            -104.69323465886535
        ],
        [
            989.6003285082285,
            0.0,
            -127.26449747045092
        ],
        [
            1641.7304597002317,
            0.0,
            -343.34918114430695
        ],
        [
            2765.2852285358026,
            0.0,
            -1314.3480008512556
        ],
        [
            2539.798750858703,
            0.0,
            -1350.4349503536152
        ],
        [
            2334.1590818676914,
            0.0,
            -1378.3566095298331
        ],
        [
            1695.9211345490933,
            0.0,
            -1167.6183046654055
        ],
        [
            1641.4549679537472,
            0.0,
            -1183.718569035716
        ],
        [
            1328.3623589490976,
            0.0,
            -1207.2607188702818
        ],
        [
            245.89288531933494,
            0.0,
            -275.80235486545865
        ],
        [
            238.22883051529055,
            0.0,
            -277.8543221029987
        ],
        [
            232.15107168804033,
            0.0,
            -280.6847741045003
        ],
        [
            225.97271994156705,
            0.0,
            -285.68232766870636
        ],
        [
            217.61114800301453,
            0.0,
            -292.4134714147248
        ],
        [
            212.5057239096742,
            0.0,
            -295.52887727872775
        ],
        [
            205.44108530380635,
            0.0,
            -303.5065245908137
        ],
        [
            208.3206584280779,
            0.0,
            -378.73812294525106
        ],
        [
            236.0040191179349,
            0.0,
            -520.4943351854863
        ],
        [
            177.03631575854374,
            0.0,
            -480.68514164954297
        ],
