{
    "timestamp": 1777778024,
    "capture_id": 46,
    "lidar_points": [
        [
            -151.74376666047115,
            0.0,
            1195.407390507392
        ],
        [
            -127.77700149028551,
            0.0,
            1212.5360202444097
        ],
        [
            -100.96390700925565,
            0.0,
            1215.0624889203955
        ],
        [
            -73.40262249409044,
            0.0,
            1205.5173650806487
        ],
        [
            -47.735912142406825,
            0.0,
            1198.2995640456238
        ],
        [
            -20.08560099739114,
            0.0,
            1187.8301935178167
        ],
        [
            5.46933777458362,
            0.0,
            1179.7373219680335
        ],
        [
            133.6994214246643,
            0.0,
            1562.5404081849244
        ],
        [
            168.6352285945523,
            0.0,
            1563.431613367487
        ],
        [
            202.77031626535924,
            0.0,
            1569.9596169461322
        ],
        [
            239.86890647242515,
            0.0,
            1575.5957508852716
        ],
        [
            273.79187613612714,
            0.0,
            1580.4600623115598
        ],
        [
            310.6057893821215,
            0.0,
            1584.0855741096532
        ],
        [
            347.6402802392874,
            0.0,
            1592.7527422846115
        ],
        [
            387.3752000477848,
            0.0,
            1611.5975627891532
        ],
        [
            426.2036612960532,
            0.0,
            1618.8349017419407
        ],
        [
            537.386608617433,
            0.0,
            1610.4566729281028
        ],
        [
            583.8059095485613,
            0.0,
            1633.0320641298433
        ],
        [
            628.2187523872532,
            0.0,
            1643.2594930956593
        ],
        [
            670.8984159897325,
            0.0,
            1646.2959569659604
        ],
        [
            715.63313509346,
            0.0,
            1655.7123175407935
        ],
        [
            759.6030491670676,
            0.0,
            1657.2061452022479
        ],
        [
            807.0121748737913,
            0.0,
            1664.979402907277
        ],
        [
            861.5933706754402,
            0.0,
            1684.154068399959
        ],
        [
            911.2110035567541,
            0.0,
            1691.4183602814217
        ],
        [
            962.2898921549641,
            0.0,
            1699.7599024439855
        ],
        [
            1015.1724224059868,
            0.0,
            1706.3514300361344
        ],
        [
            1068.6454901457157,
            0.0,
            1711.2285254726278
        ],
        [
            1109.9825025489429,
            0.0,
            1616.9231294453014
        ],
        [
            1128.724658332226,
            0.0,
            1564.295894539393
        ],
        [
            1140.130939946838,
            0.0,
            1509.5759345842591
        ],
        [
            830.8353662106211,
            0.0,
            993.9984126011786
        ],
        [
            873.6529255942451,
            0.0,
            1002.8113310092865
        ],
        [
            914.1889315456439,
            0.0,
            1005.8922208365238
        ],
        [
            1014.0600546607868,
            0.0,
            1022.3904369375539
        ],
        [
            1256.8777549996225,
            0.0,
            1071.6978918926307
        ],
        [
            1372.3810624164314,
            0.0,
            977.2168551661127
        ],
        [
            1388.515203767964,
            0.0,
            944.8522524210912
        ],
        [
            1390.1691436890173,
            0.0,
            901.708795529324
        ],
        [
            1396.156390358495,
            0.0,
            861.8630379365031
        ],
        [
            1396.5197580239292,
            0.0,
            820.562385165678
        ],
        [
            1404.7070308406494,
            0.0,
            785.1647725202951
        ],
        [
            1416.6584437279141,
            0.0,
            752.2598313178795
        ],
        [
            1423.3807634739746,
            0.0,
            716.9562501800549
        ],
        [
            897.7421918290148,
            0.0,
            392.3888626223179
        ],
        [
            899.773965482902,
            0.0,
            370.9748961037305
        ],
        [
            902.0570203986928,
            0.0,
            349.0926731534657
        ],
        [
            905.6072943633709,
            0.0,
            328.2163781651594
        ],
        [
            909.2360005026666,
            0.0,
            307.2620345729603
        ],
        [
            913.3408836721034,
            0.0,
            287.42769562632833
        ],
        [
            918.6735836598402,
            0.0,
            267.2253902337623
        ],
        [
            924.217029213202,
            0.0,
            247.37308950717227
        ],
        [
            926.0583869308223,
            0.0,
            224.99969776664915
        ],
        [
            927.0282693607335,
            0.0,
            204.19145502699982
        ],
        [
            930.771549662058,
            0.0,
            183.82297146899572
        ],
        [
            934.515512708497,
            0.0,
            163.72940788745012
        ],
        [
            937.864861532909,
            0.0,
            143.3040962494006
        ],
        [
            944.2832805781129,
            0.0,
            124.841243267748
        ],
        [
            950.949216606111,
            0.0,
            105.19576957379857
        ],
        [
            952.7687253052387,
            0.0,
            84.40382740273354
        ],
        [
            954.3658724608435,
            0.0,
            63.859466659633426
        ],
        [
            959.2543493432663,
            0.0,
            43.71676756150656
        ],
        [
            963.7286936501216,
            0.0,
            22.869303343788033
        ],
        [
            967.2482376203149,
            0.0,
            1.8464345087130993
        ],
        [
            970.5576449609464,
            0.0,
            -19.32408621026298
        ],
        [
            973.8680545373295,
            0.0,
            -41.45569745737011
        ],
        [
            978.6052925490217,
            0.0,
            -60.92562182730441
        ],
        [
            982.2522277188283,
            0.0,
            -82.96760597606209
        ],
        [
            985.8400054269089,
            0.0,
            -105.79099063659609
        ],
        [
            1645.8890175524443,
            0.0,
            -304.11906286888603
        ],
        [
            2589.8200435867457,
            0.0,
            -1278.0360487233315
        ],
        [
            2394.062198955775,
            0.0,
            -1315.126776220087
        ],
        [
            1709.2849898642626,
            0.0,
            -1148.862512846828
        ],
        [
            571.6827076083174,
            0.0,
            -460.3638580749179
        ],
        [
            548.0009133038557,
            0.0,
            -463.91701738364816
        ],
        [
            529.8175494629422,
            0.0,
            -469.2583795534
        ],
        [
            520.8168147491566,
            0.0,
            -479.5975870190995
        ],
        [
            512.5726680460835,
            0.0,
            -493.0981874557232
        ],
        [
            499.9879436174713,
            0.0,
            -504.09528487893283
        ],
        [
