{
    "timestamp": 1777777895,
    "capture_id": 22,
    "lidar_points": [
        [
            -55.133390502883316,
            0.0,
            681.5235665416542
        ],
        [
            -39.05588225132061,
            0.0,
            671.6153665317456
        ],
        [
            -22.828504381588722,
            0.0,
            664.1077543499246
        ],
        [
            -8.919321508394734,
            0.0,
            667.4404061066649
        ],
        [
            46.758223237376676,
            0.0,
            574.0990058863398
        ],
        [
            221.15186674964684,
            0.0,
            1552.073424272559
        ],
        [
            257.25267635840424,
            0.0,
            1558.156482195045
        ],
        [
            295.0678951953853,
            0.0,
            1570.5218677958499
        ],
        [
            333.03740735877454,
            0.0,
            1579.521809852509
        ],
        [
            371.37592101851493,
            0.0,
            1586.8727068632977
        ],
        [
            409.7608632674604,
            0.0,
            1589.7921554197912
        ],
        [
            448.2397067852245,
            0.0,
            1596.0000713537254
        ],
        [
            661.7685275831394,
            0.0,
            1634.084274418074
        ],
        [
            704.8233892428692,
            0.0,
            1635.5992754877934
        ],
        [
            748.5458613077928,
            0.0,
            1637.7971962422498
        ],
        [
            794.3523758763714,
            0.0,
            1639.999806536441
        ],
        [
            842.1161583251276,
            0.0,
            1644.975494008263
        ],
        [
            892.6201774514853,
            0.0,
            1652.5895683158838
        ],
        [
            943.0830845625514,
            0.0,
            1659.494157299743
        ],
        [
            991.8836486008676,
            0.0,
            1659.9867138438883
        ],
        [
            1047.2611336317743,
            0.0,
            1668.8706302419882
        ],
        [
            1100.9634341743233,
            0.0,
            1670.2933175376952
        ],
        [
            1128.667864314325,
            0.0,
            1630.7634453114715
        ],
        [
            1141.1850673258366,
            0.0,
            1570.7064945789605
        ],
        [
            1153.9119347436724,
            0.0,
            1515.7546789820951
        ],
        [
            1167.1006615517747,
            0.0,
            1463.9658835865712
        ],
        [
            861.1405108672233,
            0.0,
            973.8773128804971
        ],
        [
            904.5489195401071,
            0.0,
            980.1430072488528
        ],
        [
            1005.1487975632541,
            0.0,
            999.1363556878232
        ],
        [
            1368.4701103170003,
            0.0,
            1042.376908641484
        ],
        [
            1389.5232514679735,
            0.0,
            1012.4454040242717
        ],
        [
            1397.2977521703629,
            0.0,
            970.4692443759625
        ],
        [
            1404.2637243611114,
            0.0,
            929.4618832655059
        ],
        [
            1410.374617696036,
            0.0,
            887.7306391911685
        ],
        [
            1416.3072068167985,
            0.0,
            849.4269514907083
        ],
        [
            1421.7063343122825,
            0.0,
            808.4623361519896
        ],
        [
            1424.7068593081297,
            0.0,
            769.5329281716054
        ],
        [
            1428.0042945144783,
            0.0,
            731.0415838707177
        ],
        [
            1434.2815650176494,
            0.0,
            693.7448772787604
        ],
        [
            904.6311250856162,
            0.0,
            378.1835236050512
        ],
        [
            908.9804721866482,
            0.0,
            357.4843544595178
        ],
        [
            911.0486280566354,
            0.0,
            333.0020980656466
        ],
        [
            912.3139011199589,
            0.0,
            312.1880976643439
        ],
        [
            916.7604189067331,
            0.0,
            289.0534497734825
        ],
        [
            922.8675054979988,
            0.0,
            269.81070641451805
        ],
        [
            926.6320201439916,
            0.0,
            248.01947855736086
        ],
        [
            929.0314922402642,
            0.0,
            226.52714831963922
        ],
        [
            932.5113913391647,
            0.0,
            204.86597453626916
        ],
        [
            933.5635229868265,
            0.0,
            185.168061631657
        ],
        [
            936.5302154545853,
            0.0,
            163.81916261716077
        ],
        [
            946.3460596297576,
            0.0,
            144.07184986398687
        ],
        [
            946.6036750741597,
            0.0,
            122.52237483861697
        ],
        [
            941.7036949449665,
            0.0,
            100.01575339414016
        ],
        [
            947.4199236676743,
            0.0,
            79.5050359256453
        ],
        [
            951.109668266798,
            0.0,
            59.99499086941602
        ],
        [
            953.993336479099,
            0.0,
            38.00363737165932
        ],
        [
            957.8448304690235,
            0.0,
            17.241831218513564
        ],
        [
            963.7429759963848,
            0.0,
            -3.6794996442047947
        ],
        [
            969.6744936649576,
            0.0,
            -25.127203099590435
        ],
        [
            973.1024016086759,
            0.0,
            -47.27344374410645
        ],
        [
            977.095317742894,
            0.0,
            -68.59292999218532
        ],
        [
            980.8185499749279,
            0.0,
            -90.66406137538569
        ],
        [
            983.7307635362212,
            0.0,
            -113.44094222300525
        ],
        [
            989.6160612610905,
            0.0,
            -136.60545850765095
        ],
        [
            1636.1158533192934,
            0.0,
            -282.0549184419237
        ],
        [
            1638.8107843229288,
            0.0,
            -319.94417589146263
        ],
        [
            2603.9439436441985,
            0.0,
            -1343.8158359160304
        ],
        [
            2288.1376212217106,
            0.0,
            -1384.210709700605
        ],
        [
            1683.525951487704,
            0.0,
            -1184.9860476678282
        ],
        [
            253.1578659259755,
            0.0,
            -274.6149029455718
        ],
        [
            242.56379897477558,
            0.0,
            -276.7432084567292
        ],
        [
            234.8702672451516,
            0.0,
            -280.37300166776237
        ],
        [
            230.0964097234429,
            0.0,
            -284.3038950355438
        ],
        [
            221.71070364789247,
            0.0,
            -290.57634777792293
        ],
        [
            216.60567951136528,
            0.0,
            -294.40147690427733
        ],
        [
            209.62117371729542,
            0.0,
            -300.9394059098666
        ],
        [
            203.88669431172505,
            0.0,
            -307.8567497759911
        ],
        [
            240.81986083984145,
            0.0,
            -518.2837491423779
        ],
        [
            182.41393932336464,
            0.0,
            -481.0773375877644
        ],
        [
