{
    "timestamp": 1777778123,
    "capture_id": 61,
    "lidar_points": [
        [
            -203.68183796382155,
            0.0,
            1502.759448109936
        ],
        [
            -169.53411452795035,
            0.0,
            1506.239106686327
        ],
        [
            -136.33599830214024,
            0.0,
            1510.861176801813
        ],
        [
            -103.58272557396106,
            0.0,
            1516.9676558722897
        ],
        [
            -71.48155731612694,
            0.0,
            1522.8232454765264
        ],
        [
            60.35591973408484,
            0.0,
            756.3456388801701
        ],
        [
            78.12225039553604,
            0.0,
            761.2519139503934
        ],
        [
            95.73133412205807,
            0.0,
            767.5531002264344
        ],
        [
            114.99092603948085,
            0.0,
            773.7519947816501
        ],
        [
            133.48037231317772,
            0.0,
            783.2070225726627
        ],
        [
            151.3139810548958,
            0.0,
            793.4507808536825
        ],
        [
            172.84731919254423,
            0.0,
            806.6900298429074
        ],
        [
            238.34529088661515,
            0.0,
            767.5972803574638
        ],
        [
            266.81879001652914,
            0.0,
            742.5151401110387
        ],
        [
            281.5839044491284,
            0.0,
            728.2040011254978
        ],
        [
            294.49396214585477,
            0.0,
            719.8391269996622
        ],
        [
            879.745391996104,
            0.0,
            1688.8505285434887
        ],
        [
            932.2018127576855,
            0.0,
            1694.7928613229656
        ],
        [
            981.2631849269154,
            0.0,
            1696.39105880899
        ],
        [
            1034.3438982697442,
            0.0,
            1700.3610683064198
        ],
        [
            1080.8207577758558,
            0.0,
            1693.4897370698252
        ],
        [
            1132.4783640200887,
            0.0,
            1533.078195992097
        ],
        [
            1142.4935458449238,
            0.0,
            1474.7198878779295
        ],
        [
            859.6149853538818,
            0.0,
            1003.7052988577102
        ],
        [
            904.038544778413,
            0.0,
            1010.6682490090055
        ],
        [
            1059.2406562090564,
            0.0,
            1038.6440594514597
        ],
        [
            1360.6576616148259,
            0.0,
            1072.0544717451974
        ],
        [
            1377.01381702733,
            0.0,
            1036.4773020745909
        ],
        [
            1388.408709012365,
            0.0,
            996.066172118408
        ],
        [
            1396.2484331239023,
            0.0,
            955.695721973813
        ],
        [
            1403.576588167467,
            0.0,
            916.3988343773538
        ],
        [
            1412.7288034432931,
            0.0,
            876.8893262103722
        ],
        [
            1420.9333756548504,
            0.0,
            841.1747169584402
        ],
        [
            1428.2745504147686,
            0.0,
            801.9200762155111
        ],
        [
            1429.7652335922235,
            0.0,
            762.2213847111445
        ],
        [
            1434.4504234600179,
            0.0,
            724.9858930595653
        ],
        [
            912.4461580532613,
            0.0,
            401.18894694874484
        ],
        [
            916.5677189194732,
            0.0,
            378.7765556825734
        ],
        [
            922.0301334484307,
            0.0,
            355.6662698557022
        ],
        [
            925.8206936146685,
            0.0,
            335.54225631782066
        ],
        [
            929.926901655822,
            0.0,
            313.9716668376354
        ],
        [
            933.8518409677455,
            0.0,
            291.36540910196015
        ],
        [
            937.9901755563858,
            0.0,
            270.6261130410376
        ],
        [
            942.1150612595939,
            0.0,
            249.1374346577239
        ],
        [
            944.8332850919815,
            0.0,
            228.19742194489066
        ],
        [
            949.436198028585,
            0.0,
            205.87169760077663
        ],
        [
            954.0475915360361,
            0.0,
            184.63817477512336
        ],
        [
            956.50333994341,
            0.0,
            162.74649973840133
        ],
        [
            958.109117631857,
            0.0,
            143.1903670318102
        ],
        [
            962.1297250330304,
            0.0,
            121.3320019939726
        ],
        [
            966.9239127718037,
            0.0,
            101.62779841197607
        ],
        [
            971.6733466790009,
            0.0,
            80.47302252078013
        ],
        [
            975.9748064839048,
            0.0,
            58.89176180676289
        ],
        [
            980.3253759294732,
            0.0,
            36.375229328994436
        ],
        [
            984.6351691989556,
            0.0,
            15.038154027137727
        ],
        [
            988.9805457124249,
            0.0,
            -6.203241278081487
        ],
        [
            995.3647989632072,
            0.0,
            -27.694394467726102
        ],
        [
            1000.2394494531873,
            0.0,
            -50.23239748991425
        ],
        [
            1003.0850720536996,
            0.0,
            -73.16693736261094
        ],
        [
            1006.8806273208999,
            0.0,
            -93.90401922106957
        ],
        [
            3125.3427418713773,
            0.0,
            -1192.8664251842706
        ],
        [
            2719.095327161941,
            0.0,
            -1252.621117619409
        ],
        [
            2627.174997332465,
            0.0,
            -1281.3588620644737
        ],
        [
            2308.185818433641,
            0.0,
            -1325.0888564854145
        ],
        [
            578.7746464777344,
            0.0,
            -390.15882483236675
        ],
        [
            569.9660416208524,
            0.0,
            -401.1828902122532
        ],
        [
            445.15748372268183,
            0.0,
            -349.5580276373156
        ],
        [
            403.77454514835034,
            0.0,
            -350.22330974714237
        ],
        [
            327.73806036208964,
            0.0,
            -315.9751988528455
        ],
        [
            316.3656108030267,
            0.0,
            -318.96451652374725
        ],
        [
            304.2430846361826,
            0.0,
            -321.65774971397883
        ],
        [
            294.50525738155534,
            0.0,
            -323.8699057872216
        ],
        [
            283.2814536378252,
            0.0,
            -329.1271494800159
        ],
        [
            276.1724521449255,
            0.0,
            -333.1686347426163
        ],
        [
            267.75813307650316,
            0.0,
            -339.6495726059222
        ],
        [
            261.90427014355606,
            0.0,
            -344.81176499732607
        ],
        [
            253.9025981224854,
            0.0,
            -352.28757168916945
        ],
        [
            248.89271152187726,
            0.0,
            -359.1955152159999
        ],
        [
            244.51824402579504,
            0.0,
            -370.3037818312713
        ],
        [
