{
    "timestamp": 1777778000,
    "capture_id": 31,
    "lidar_points": [
        [
            -53.947641378994646,
            0.0,
            480.48090699802356
        ],
        [
            -43.040216221310374,
            0.0,
            485.8473034685104
        ],
        [
            -33.38320567117561,
            0.0,
            490.86613407233136
        ],
        [
            -22.660787350939724,
            0.0,
            497.2338999069105
        ],
        [
            -11.774463789357194,
            0.0,
            507.8635269464358
        ],
        [
            9.813828999906994,
            0.0,
            492.9023115794453
        ],
        [
            21.861051323529804,
            0.0,
            485.50807865063376
        ],
        [
            31.588788836202944,
            0.0,
            477.957266311395
        ],
        [
            42.425840266976266,
            0.0,
            471.595481400788
        ],
        [
            52.49987527378877,
            0.0,
            465.2975667207348
        ],
        [
            60.87482574709807,
            0.0,
            459.4850439244573
        ],
        [
            71.0228286439322,
            0.0,
            453.2188437294004
        ],
        [
            78.92309674961983,
            0.0,
            447.5951237440485
        ],
        [
            90.49719155152286,
            0.0,
            442.33755020491645
        ],
        [
            97.89851605838106,
            0.0,
            438.1973077890448
        ],
        [
            106.66094341988764,
            0.0,
            436.9193354027486
        ],
        [
            131.73172067305538,
            0.0,
            378.21555199187156
        ],
        [
            141.23228190748588,
            0.0,
            348.4672761497189
        ],
        [
            146.39109753824948,
            0.0,
            335.1756391230525
        ],
        [
            150.55775574512418,
            0.0,
            322.87214913180657
        ],
        [
            924.1354911717135,
            0.0,
            1693.2260906201557
        ],
        [
            976.9171338060214,
            0.0,
            1700.6276712367785
        ],
        [
            1030.5831252597923,
            0.0,
            1706.7329856863257
        ],
        [
            1083.6376790813154,
            0.0,
            1711.2508964132817
        ],
        [
            1136.0051660395234,
            0.0,
            1486.337049673295
        ],
        [
            841.2534214951389,
            0.0,
            993.7286756568525
        ],
        [
            882.4066027239714,
            0.0,
            1000.1238173192053
        ],
        [
            928.6484769967284,
            0.0,
            1007.9098452598114
        ],
        [
            977.1491864667191,
            0.0,
            1016.8502986612282
        ],
        [
            1090.9775643482667,
            0.0,
            1043.2440769487855
        ],
        [
            1141.7748417545972,
            0.0,
            1045.6712070418043
        ],
        [
            1387.6268478996963,
            0.0,
            975.5797217490498
        ],
        [
            1394.1588867201863,
            0.0,
            936.5048043545376
        ],
        [
            1395.764510576316,
            0.0,
            893.486985644255
        ],
        [
            1401.5155547041834,
            0.0,
            853.6012827557288
        ],
        [
            1409.8330463814486,
            0.0,
            818.5877129732671
        ],
        [
            1417.7346997311954,
            0.0,
            783.3379753836125
        ],
        [
            1420.9432771563163,
            0.0,
            744.1345329335736
        ],
        [
            896.5578238857062,
            0.0,
            411.54139333647475
        ],
        [
            900.5578285415613,
            0.0,
            387.78324802975675
        ],
        [
            902.9736831822713,
            0.0,
            367.1186320254572
        ],
        [
            906.0503461216908,
            0.0,
            344.9681438810897
        ],
        [
            908.796962082456,
            0.0,
            323.7756078053115
        ],
        [
            910.5785963960911,
            0.0,
            302.4679648910351
        ],
        [
            914.4172139449182,
            0.0,
            282.29445414533683
        ],
        [
            920.0458594875216,
            0.0,
            262.4617666249081
        ],
        [
            925.5524867526119,
            0.0,
            242.32861318064786
        ],
        [
            927.1516901824872,
            0.0,
            220.45122678669156
        ],
        [
            927.58498171408,
            0.0,
            199.28036581281668
        ],
        [
            932.8901582097735,
            0.0,
            179.4880294486063
        ],
        [
            937.0766051139606,
            0.0,
            159.1781585145852
        ],
        [
            942.5704969876131,
            0.0,
            140.60532780988135
        ],
        [
            945.5762388517168,
            0.0,
            118.72058169938815
        ],
        [
            945.9517099574514,
            0.0,
            97.85889039108197
        ],
        [
            951.4493175495578,
            0.0,
            79.32060661946954
        ],
        [
            954.9334696252097,
            0.0,
            58.92903435114716
        ],
        [
            956.5017106209233,
            0.0,
            37.84230541665573
        ],
        [
            962.5987506000271,
            0.0,
            17.06481301587853
        ],
        [
            968.995640129264,
            0.0,
            -2.9067869680982716
        ],
        [
            970.7010183615797,
            0.0,
            -24.0942514262625
        ],
        [
            975.9869818363668,
            0.0,
            -44.479335493456695
        ],
        [
            980.2899368741471,
            0.0,
            -65.86265757833391
        ],
        [
            982.5801489404544,
            0.0,
            -87.8549993350088
        ],
        [
            986.0541467813628,
            0.0,
            -110.71261046185604
        ],
        [
            1650.1960582564254,
            0.0,
            -312.36712265370767
        ],
        [
            2585.145520593727,
            0.0,
            -1288.0258925402816
        ],
        [
            2389.603464388189,
            0.0,
            -1323.727066084231
        ],
        [
            1697.8498589666744,
            0.0,
            -1150.6115141118844
        ],
        [
            306.33045519264806,
            0.0,
            -339.4690187947422
        ],
        [
            269.6577372521345,
            0.0,
            -327.84898160595037
        ],
        [
            258.5403498026203,
            0.0,
            -330.359103891415
        ],
        [
            122.39528878471103,
            0.0,
            -199.7309584999461
        ],
        [
            95.06943107718521,
            0.0,
            -171.39954280761756
        ],
        [
            90.23647909162024,
            0.0,
            -171.17134059516968
        ],
        [
            85.92225984919071,
            0.0,
            -171.98089359695788
        ],
        [
            81.76991161854144,
            0.0,
            -172.88795230985855
        ],
        [
            77.87698855929919,
            0.0,
            -174.40233557190334
        ],
        [
            74.10189912822506,
            0.0,
            -176.03950847917736
        ],
        [
            70.38442315608869,
            0.0,
            -177.82743173364634
        ],
        [
