{
    "timestamp": 1777777894,
    "capture_id": 21,
    "lidar_points": [
        [
            -59.85461505542845,
            0.0,
            679.8703369441606
        ],
        [
            -26.629414403393923,
            0.0,
            668.4698005807983
        ],
        [
            -11.33433322140658,
            0.0,
            659.6526323682989
        ],
        [
            213.75262474853432,
            0.0,
            1557.9043826285078
        ],
        [
            250.27273900498076,
            0.0,
            1563.5970728134998
        ],
        [
            287.9636942857991,
            0.0,
            1568.0274147071775
        ],
        [
            322.5528361113802,
            0.0,
            1576.5929184213994
        ],
        [
            360.67045579807547,
            0.0,
            1581.9048872528363
        ],
        [
            399.0507239703679,
            0.0,
            1589.4213041854966
        ],
        [
            439.4619689984488,
            0.0,
            1598.1800361048208
        ],
        [
            604.6082279531919,
            0.0,
            1623.8446518036449
        ],
        [
            647.4411636760752,
            0.0,
            1627.9815538198734
        ],
        [
            692.223571048498,
            0.0,
            1632.013814336406
        ],
        [
            735.3573504338458,
            0.0,
            1633.6222994201917
        ],
        [
            779.9627679001601,
            0.0,
            1636.3742368998362
        ],
        [
            824.2466443246466,
            0.0,
            1636.3855083138446
        ],
        [
            877.3249829561335,
            0.0,
            1650.0083141551197
        ],
        [
            932.1322027585095,
            0.0,
            1663.3776237164454
        ],
        [
            982.9221983593942,
            0.0,
            1667.6306588907319
        ],
        [
            1038.8635214309852,
            0.0,
            1674.699419698954
        ],
        [
            1090.1997206682122,
            0.0,
            1673.759486621346
        ],
        [
            1133.4689427620187,
            0.0,
            1577.207411310875
        ],
        [
            1156.3875669866607,
            0.0,
            1534.5781325558733
        ],
        [
            853.3853588714335,
            0.0,
            974.7069709732638
        ],
        [
            897.0675283776144,
            0.0,
            983.2755715110987
        ],
        [
            1298.2679077762696,
            0.0,
            1046.0511469991452
        ],
        [
            1353.8523647489455,
            0.0,
            1042.9596226430285
        ],
        [
            1384.8146078459063,
            0.0,
            1018.876373460779
        ],
        [
            1394.972734774963,
            0.0,
            979.0399030348359
        ],
        [
            1402.1131571679186,
            0.0,
            936.3090806441061
        ],
        [
            1407.1986273387997,
            0.0,
            896.4843965266757
        ],
        [
            1414.3177730935647,
            0.0,
            856.1196173500872
        ],
        [
            1420.3087279620456,
            0.0,
            817.9511704709738
        ],
        [
            1423.9689090246488,
            0.0,
            777.1792641541277
        ],
        [
            1424.5789050468675,
            0.0,
            737.1505567355069
        ],
        [
            1427.9738592839408,
            0.0,
            699.8469259071788
        ],
        [
            904.4795817607475,
            0.0,
            383.055803608173
        ],
        [
            907.5456290374524,
            0.0,
            361.78713522597087
        ],
        [
            910.0140492018611,
            0.0,
            337.9792785885439
        ],
        [
            913.5638625054454,
            0.0,
            316.23825136142483
        ],
        [
            917.0743743079375,
            0.0,
            294.6610841080052
        ],
        [
            921.052746266572,
            0.0,
            274.1948916278456
        ],
        [
            925.2997988267808,
            0.0,
            251.99460766278094
        ],
        [
            925.1769750041626,
            0.0,
            230.67252745428314
        ],
        [
            929.4438397299039,
            0.0,
            210.57812989038734
        ],
        [
            933.9328137537592,
            0.0,
            188.4199084332284
        ],
        [
            935.4513463274196,
            0.0,
            167.05041500762033
        ],
        [
            939.4935911564879,
            0.0,
            147.48827809655222
        ],
        [
            940.6086935138206,
            0.0,
            125.921744294715
        ],
        [
            941.4212915805734,
            0.0,
            104.92146710166112
        ],
        [
            946.4510745304543,
            0.0,
            84.88478085115415
        ],
        [
            950.3224527275222,
            0.0,
            64.36991410547483
        ],
        [
            953.7718702554344,
            0.0,
            43.206272802114285
        ],
        [
            956.7665310619267,
            0.0,
            21.137763356779494
        ],
        [
            960.2496786401673,
            0.0,
            0.7856026065318216
        ],
        [
            965.7925308363389,
            0.0,
            -20.019674840998917
        ],
        [
            972.823205765334,
            0.0,
            -42.47437844699582
        ],
        [
            977.6171851118775,
            0.0,
            -64.61193290661755
        ],
        [
            980.2321587189183,
            0.0,
            -86.02857091251337
        ],
        [
            983.1217185018742,
            0.0,
            -107.669339228593
        ],
        [
            988.8593987371007,
            0.0,
            -131.00892919682911
        ],
        [
            2630.3521603525883,
            0.0,
            -1333.9126939303305
        ],
        [
            2522.6573507220305,
            0.0,
            -1352.814156064353
        ],
        [
            2317.980171483385,
            0.0,
            -1378.1975501029797
        ],
        [
            1687.571125501471,
            0.0,
            -1170.028181871573
        ],
        [
            257.1055348726196,
            0.0,
            -274.3587868792691
        ],
        [
            245.56185695407132,
            0.0,
            -277.1000485551531
        ],
        [
            239.45443142533742,
            0.0,
            -279.4379631881974
        ],
        [
            230.64139693961167,
            0.0,
            -284.18400028457705
        ],
        [
            224.63133663596278,
            0.0,
            -288.3244918510059
        ],
        [
            218.59739145708093,
            0.0,
            -293.2375196801387
        ],
        [
            213.1529814016653,
            0.0,
            -298.14100107093844
        ],
        [
            206.95208067578875,
            0.0,
            -305.20058781719575
        ],
        [
            255.74251182893244,
            0.0,
            -507.72829115918717
        ],
        [
            244.82075020559427,
            0.0,
            -513.6378103963629
        ],
        [
            232.66882417109795,
            0.0,
            -519.5293839224483
        ],
        [
            152.96185492925022,
            0.0,
            -455.5029318638937
        ],
        [
            140.90675198476956,
            0.0,
            -453.3573091338692
        ],
        [
            78.72499810467168,
            0.0,
            -363.0628384638387
        ],
        [
