{
    "timestamp": 1777777872,
    "capture_id": 9,
    "lidar_points": [
        [
            -42.29193829954905,
            0.0,
            439.21857252951764
        ],
        [
            -31.512770503869376,
            0.0,
            438.6194339004719
        ],
        [
            17.61255684651652,
            0.0,
            419.13010848819755
        ],
        [
            26.77095029528204,
            0.0,
            415.3882265065869
        ],
        [
            35.615540313075265,
            0.0,
            410.9595883882109
        ],
        [
            45.552113841564754,
            0.0,
            406.70697980802487
        ],
        [
            55.51000616068713,
            0.0,
            402.9444151691899
        ],
        [
            62.18798555776823,
            0.0,
            399.69101122275293
        ],
        [
            71.62442021899768,
            0.0,
            393.0269614521279
        ],
        [
            78.95738487742474,
            0.0,
            391.36465588159365
        ],
        [
            95.89554155285107,
            0.0,
            370.80054626481524
        ],
        [
            100.36587546718033,
            0.0,
            359.2432198966411
        ],
        [
            106.58288876983521,
            0.0,
            347.261645336016
        ],
        [
            113.68695406371259,
            0.0,
            335.51205488881516
        ],
        [
            116.66154364685774,
            0.0,
            325.2081398641988
        ],
        [
            122.29699306202762,
            0.0,
            313.2211806184032
        ],
        [
            126.15148080597669,
            0.0,
            303.85326045718074
        ],
        [
            131.25290722103546,
            0.0,
            294.58262736628967
        ],
        [
            815.2309276792531,
            0.0,
            1556.7035996152974
        ],
        [
            843.0110205312791,
            0.0,
            1526.7181859343953
        ],
        [
            887.9608401553311,
            0.0,
            1527.393567110533
        ],
        [
            934.0234773402447,
            0.0,
            1526.9905513058152
        ],
        [
            978.8528021895288,
            0.0,
            1525.451881130869
        ],
        [
            1025.2890936076674,
            0.0,
            1521.8433804203269
        ],
        [
            1076.409981355875,
            0.0,
            1524.8487800557289
        ],
        [
            1130.0145891308605,
            0.0,
            1527.1270709575585
        ],
        [
            1182.038513426513,
            0.0,
            1526.6238945059256
        ],
        [
            1234.9849921349237,
            0.0,
            1524.229356659129
        ],
        [
            1287.7662216206334,
            0.0,
            1517.8103993756656
        ],
        [
            1325.8018961544592,
            0.0,
            1496.0783175199217
        ],
        [
            1341.5270053795155,
            0.0,
            1445.7092917794605
        ],
        [
            1345.835132162483,
            0.0,
            1386.825168158262
        ],
        [
            1348.562637842316,
            0.0,
            1327.3992897074243
        ],
        [
            963.7238425397796,
            0.0,
            858.2695411817677
        ],
        [
            1001.9638467660076,
            0.0,
            854.3412738910981
        ],
        [
            1049.7694698250314,
            0.0,
            856.7432872356063
        ],
        [
            1097.3416835904195,
            0.0,
            856.8554673659635
        ],
        [
            1207.5681199156688,
            0.0,
            860.8532022147195
        ],
        [
            1513.5915587459199,
            0.0,
            804.2615204602896
        ],
        [
            1511.5588236981107,
            0.0,
            760.854772608008
        ],
        [
            1513.7742045949763,
            0.0,
            720.5136414411925
        ],
        [
            1514.4958652052458,
            0.0,
            680.2443213847611
        ],
        [
            1516.1456462410283,
            0.0,
            640.1526707625101
        ],
        [
            1515.5061135218473,
            0.0,
            600.7963734726648
        ],
        [
            1514.343564439467,
            0.0,
            561.9574106111334
        ],
        [
            1515.3323767196591,
            0.0,
            523.6204260388907
        ],
        [
            953.148131953236,
            0.0,
            272.1859677758143
        ],
        [
            948.6633610853484,
            0.0,
            247.82670827465287
        ],
        [
            949.284639764493,
            0.0,
            225.71383477136862
        ],
        [
            950.6377238067673,
            0.0,
            205.046746073885
        ],
        [
            951.3055871577366,
            0.0,
            181.68635018204913
        ],
        [
            951.7063228093391,
            0.0,
            161.12925750690343
        ],
        [
            950.4470813967815,
            0.0,
            138.60229242094013
        ],
        [
            949.1540029030933,
            0.0,
            116.27872235725091
        ],
        [
            950.2469787218522,
            0.0,
            95.16133369174574
        ],
        [
            950.1632896628862,
            0.0,
            73.47600272879723
        ],
        [
            951.9516808345461,
            0.0,
            54.316179507421886
        ],
        [
            953.4368662901852,
            0.0,
            32.77410561329692
        ],
        [
            951.4489098837532,
            0.0,
            -9.86011566958972
        ],
        [
            950.7406888368929,
            0.0,
            -31.12402753421446
        ],
        [
            954.3850465486374,
            0.0,
            -51.061192939013885
        ],
        [
            954.9192525957967,
            0.0,
            -73.58181515758626
        ],
        [
            955.3516412528338,
            0.0,
            -94.35698996638601
        ],
        [
            958.4310916776437,
            0.0,
            -116.61943451071906
        ],
        [
            959.333070389345,
            0.0,
            -138.29541770193276
        ],
        [
            959.627343125472,
            0.0,
            -159.24171823346975
        ],
        [
            960.2979172259381,
            0.0,
            -181.23319969455213
        ],
        [
            960.8411378022787,
            0.0,
            -203.9592371206129
        ],
        [
            961.2149322337491,
            0.0,
            -225.22969731114276
        ],
        [
            961.7087260328524,
            0.0,
            -247.3162474894606
        ],
        [
            1585.4593521098916,
            0.0,
            -544.9503581128124
        ],
        [
            2487.317912866432,
            0.0,
            -1667.8660506269016
        ],
        [
            2389.5894190464514,
            0.0,
            -1679.04218481289
        ],
        [
            2181.7004147649263,
            0.0,
            -1683.550225777226
        ],
        [
            1485.7801732695493,
            0.0,
            -1383.2415829200293
        ],
        [
            386.5871326727427,
            0.0,
            -477.6616363618364
        ],
        [
            377.1859170418836,
            0.0,
            -487.9665423830545
        ],
        [
            373.6051647692339,
            0.0,
            -502.6014756820294
        ],
        [
            367.49960965867007,
            0.0,
            -520.3009099556959
        ],
        [
