{
    "timestamp": 1777778008,
    "capture_id": 35,
    "lidar_points": [
        [
            -97.77078213950145,
            0.0,
            773.5961069316663
        ],
        [
            -80.91439902063294,
            0.0,
            786.3479573516611
        ],
        [
            -65.9351194267055,
            0.0,
            798.7833310893425
        ],
        [
            -47.03777211729979,
            0.0,
            797.614222537588
        ],
        [
            -30.449202037514954,
            0.0,
            785.910361361446
        ],
        [
            -11.687472721020871,
            0.0,
            779.1623486035471
        ],
        [
            4.621140533219277,
            0.0,
            770.2361375319729
        ],
        [
            19.771482232744706,
            0.0,
            762.9938734946174
        ],
        [
            37.9188142809538,
            0.0,
            755.0484511099447
        ],
        [
            52.23491856875806,
            0.0,
            749.9330475329883
        ],
        [
            69.78706184673115,
            0.0,
            741.7241845853488
        ],
        [
            107.71684143465396,
            0.0,
            660.2712185695675
        ],
        [
            365.2994651991056,
            0.0,
            1594.1820945943557
        ],
        [
            404.0549134875412,
            0.0,
            1607.4967735229131
        ],
        [
            443.7704196749042,
            0.0,
            1613.8484678313387
        ],
        [
            519.2703766138995,
            0.0,
            1616.1263954193864
        ],
        [
            561.7970574987116,
            0.0,
            1627.251153382842
        ],
        [
            604.9402632156083,
            0.0,
            1638.386257248464
        ],
        [
            649.2569231420927,
            0.0,
            1648.2347216801566
        ],
        [
            689.9890333004972,
            0.0,
            1645.4370837030035
        ],
        [
            734.8402970817338,
            0.0,
            1654.1190216501438
        ],
        [
            783.6502041102395,
            0.0,
            1668.6475384568125
        ],
        [
            834.9859888376793,
            0.0,
            1681.6077570125449
        ],
        [
            881.2188473169871,
            0.0,
            1681.593171112835
        ],
        [
            987.3253757583227,
            0.0,
            1704.7253744763957
        ],
        [
            1036.497361413351,
            0.0,
            1702.855093595213
        ],
        [
            1089.6975833125912,
            0.0,
            1707.3984382453614
        ],
        [
            1119.3645001940092,
            0.0,
            1592.1407532644266
        ],
        [
            1130.5612038500603,
            0.0,
            1535.7344706521053
        ],
        [
            1141.2673782733586,
            0.0,
            1482.3003520842374
        ],
        [
            844.500880603231,
            0.0,
            990.9703641685594
        ],
        [
            885.6747694881063,
            0.0,
            997.2307983572256
        ],
        [
            931.9418758255769,
            0.0,
            1004.8654586971854
        ],
        [
            1094.1021585342976,
            0.0,
            1039.9666901831954
        ],
        [
            1367.6488713162837,
            0.0,
            954.8615422077145
        ],
        [
            1387.8569774831542,
            0.0,
            925.6949133225936
        ],
        [
            1393.555661169021,
            0.0,
            886.7246933089058
        ],
        [
            1403.838176710443,
            0.0,
            849.7760726275476
        ],
        [
            1412.9480560065808,
            0.0,
            813.1991475199814
        ],
        [
            1421.1391497797504,
            0.0,
            777.1445035920208
        ],
        [
            1423.7739511261777,
            0.0,
            738.704092377017
        ],
        [
            891.8600945404817,
            0.0,
            404.9763224760718
        ],
        [
            895.1751917074512,
            0.0,
            382.57499415347047
        ],
        [
            897.3118115927954,
            0.0,
            361.115044377904
        ],
        [
            901.8423643220692,
            0.0,
            340.553006026933
        ],
        [
            908.349621143081,
            0.0,
            320.5487923377989
        ],
        [
            911.6451813202978,
            0.0,
            299.23788760028606
        ],
        [
            915.2491652725475,
            0.0,
            278.7284125594392
        ],
        [
            919.6074623900183,
            0.0,
            256.6508866468047
        ],
        [
            922.9853742198422,
            0.0,
            236.28491588812372
        ],
        [
            926.0980817569172,
            0.0,
            216.2020882557756
        ],
        [
            928.8816694454962,
            0.0,
            195.58733769891117
        ],
        [
            932.8795018770196,
            0.0,
            175.53175632256315
        ],
        [
            938.29780881272,
            0.0,
            154.91359519825397
        ],
        [
            940.8487413108904,
            0.0,
            135.1069797372186
        ],
        [
            941.5867652140116,
            0.0,
            114.30928909679037
        ],
        [
            948.1265668165919,
            0.0,
            96.25493907630273
        ],
        [
            953.7182075764122,
            0.0,
            76.10613008973401
        ],
        [
            955.1363833953885,
            0.0,
            55.54324094232778
        ],
        [
            959.3494892048155,
            0.0,
            35.33493402370442
        ],
        [
            961.6533000174055,
            0.0,
            13.637927468417008
        ],
        [
            965.7275556080883,
            0.0,
            -6.5841354198257065
        ],
        [
            971.6239865350112,
            0.0,
            -27.033845265006047
        ],
        [
            976.322558440556,
            0.0,
            -47.9636516550511
        ],
        [
            980.0313353849782,
            0.0,
            -69.60482500183699
        ],
        [
            983.3815271786917,
            0.0,
            -92.79458229715807
        ],
        [
            986.6175932355189,
            0.0,
            -114.59182875821473
        ],
        [
            1648.9914453384024,
            0.0,
            -318.6651270546664
        ],
        [
            2580.4698349046957,
            0.0,
            -1296.2544093066506
        ],
        [
            1680.1339938844585,
            0.0,
            -1147.3186186033324
        ],
        [
            493.20305528705296,
            0.0,
            -390.7765458104108
        ],
        [
            482.7448117921835,
            0.0,
            -399.7161607787823
        ],
        [
            479.61528204008647,
            0.0,
            -413.49092339930297
        ],
        [
            478.87458868666243,
            0.0,
            -432.83874400309855
        ],
        [
            318.76995687767413,
            0.0,
            -353.83580527160586
        ],
        [
            278.41786214423354,
            0.0,
            -340.38736248432394
        ],
        [
            269.5398899046794,
            0.0,
            -344.6077447623215
        ],
        [
            263.9507744513931,
            0.0,
            -350.4733244720771
        ],
        [
            254.8317266114637,
            0.0,
            -354.39108497847434
        ],
        [
