{
    "timestamp": 1777777998,
    "capture_id": 26,
    "lidar_points": [
        [
            -53.03032775409311,
            0.0,
            480.5830150330882
        ],
        [
            -42.64271896603489,
            0.0,
            485.88235306417926
        ],
        [
            -33.58519152118566,
            0.0,
            491.85468881620443
        ],
        [
            -22.16281264931166,
            0.0,
            498.257335355408
        ],
        [
            -13.186637710091299,
            0.0,
            503.577377456437
        ],
        [
            -1.22963776502668,
            0.0,
            500.9984910066764
        ],
        [
            10.217080431275853,
            0.0,
            492.89411770425994
        ],
        [
            22.258249331149095,
            0.0,
            485.490031140406
        ],
        [
            31.86609227053257,
            0.0,
            478.1894129562112
        ],
        [
            41.05427280791791,
            0.0,
            472.21874876397385
        ],
        [
            52.90876140689212,
            0.0,
            465.5028603203084
        ],
        [
            62.50340618187061,
            0.0,
            459.26634343881994
        ],
        [
            72.42151124719989,
            0.0,
            453.2506201966763
        ],
        [
            79.45498081929692,
            0.0,
            447.7549201549941
        ],
        [
            89.76541247134304,
            0.0,
            441.2110982555285
        ],
        [
            98.03814743898387,
            0.0,
            437.1413062691881
        ],
        [
            109.39651426006883,
            0.0,
            435.7269387675572
        ],
        [
            136.81450929473453,
            0.0,
            362.00937839569985
        ],
        [
            145.51758484355835,
            0.0,
            333.9201925629802
        ],
        [
            150.85556839232794,
            0.0,
            321.9050286730974
        ],
        [
            984.5347049481252,
            0.0,
            1706.3385990924276
        ],
        [
            1091.329429475799,
            0.0,
            1716.140768952252
        ],
        [
            1121.4976885737917,
            0.0,
            1599.8068624129735
        ],
        [
            1132.4833235187216,
            0.0,
            1543.6294153558974
        ],
        [
            1139.2451443902596,
            0.0,
            1483.855135612374
        ],
        [
            844.6012571342562,
            0.0,
            995.4792646997897
        ],
        [
            884.3141840047296,
            0.0,
            998.437522566159
        ],
        [
            987.6610828503002,
            0.0,
            1024.4289069637641
        ],
        [
            1093.2509717152393,
            0.0,
            1040.8614522806026
        ],
        [
            1283.3397110956798,
            0.0,
            1074.4664947893243
        ],
        [
            1385.5693448277764,
            0.0,
            968.4977236284692
        ],
        [
            1387.3518828264416,
            0.0,
            926.4517341545255
        ],
        [
            1393.3137927052433,
            0.0,
            887.1046936846465
        ],
        [
            1399.1330518037353,
            0.0,
            846.9279505072237
        ],
        [
            1406.6314837054153,
            0.0,
            813.1423193689415
        ],
        [
            1419.6530282843185,
            0.0,
            779.8559750256221
        ],
        [
            1422.1589617488837,
            0.0,
            741.8085248346347
        ],
        [
            892.6600343081315,
            0.0,
            405.6332249076813
        ],
        [
            895.3620342901013,
            0.0,
            384.6778880464685
        ],
        [
            897.8446483817737,
            0.0,
            362.4679984111827
        ],
        [
            904.0419639639518,
            0.0,
            342.51086098429175
        ],
        [
            909.5326846139653,
            0.0,
            323.19940921807563
        ],
        [
            911.4648977870895,
            0.0,
            301.383045478624
        ],
        [
            914.6388965594859,
            0.0,
            280.7245115775356
        ],
        [
            920.5452102168903,
            0.0,
            260.7049643691914
        ],
        [
            925.9477568505154,
            0.0,
            240.81385774805162
        ],
        [
            927.5708318307924,
            0.0,
            218.68093638159647
        ],
        [
            928.3988286210787,
            0.0,
            197.86656492446872
        ],
        [
            932.2002983969604,
            0.0,
            177.77402416725002
        ],
        [
            939.3383065246666,
            0.0,
            159.29880224085684
        ],
        [
            942.9880411042245,
            0.0,
            137.777190907702
        ],
        [
            945.608579706564,
            0.0,
            118.46271137085601
        ],
        [
            951.6443030317503,
            0.0,
            98.71009577147746
        ],
        [
            953.5711868490752,
            0.0,
            77.92659437731162
        ],
        [
            955.0286136670242,
            0.0,
            57.36644992712915
        ],
        [
            958.560912778455,
            0.0,
            36.352977778104126
        ],
        [
            962.1211912034759,
            0.0,
            15.74407625758684
        ],
        [
            966.7383527576956,
            0.0,
            -4.745503907632025
        ],
        [
            970.4103822858026,
            0.0,
            -25.675911900502673
        ],
        [
            975.6631743948419,
            0.0,
            -46.06443997033171
        ],
        [
            980.1808571351929,
            0.0,
            -67.4665643538971
        ],
        [
            983.3326881337656,
            0.0,
            -90.62601418810395
        ],
        [
            986.6168526868513,
            0.0,
            -112.41079127153137
        ],
        [
            1649.682739939513,
            0.0,
            -315.06683028471997
        ],
        [
            2582.140208367561,
            0.0,
            -1291.8066832276136
        ],
        [
            2387.4343231639014,
            0.0,
            -1327.635271857043
        ],
        [
            458.7717749361043,
            0.0,
            -414.44121539969507
        ],
        [
            439.12055170369104,
            0.0,
            -413.98718708608124
        ],
        [
            317.9864199105443,
            0.0,
            -336.1877440545312
        ],
        [
            282.11129733383115,
            0.0,
            -326.5049247968899
        ],
        [
            101.73904050553152,
            0.0,
            -166.9413598752982
        ],
        [
            96.90993933681368,
            0.0,
            -166.90555310634542
        ],
        [
            92.76271281368119,
            0.0,
            -168.1043696976569
        ],
        [
            88.88775836776561,
            0.0,
            -169.62080182676215
        ],
        [
            84.94398075525791,
            0.0,
            -171.07168127264774
        ],
        [
            81.23900110987235,
            0.0,
            -172.8618659469756
        ],
        [
            77.69918659423467,
            0.0,
            -175.0288159206772
        ],
        [
            74.15174136978185,
            0.0,
            -177.37412931943877
        ],
        [
            70.7706722100229,
            0.0,
            -180.09375878953023
        ],
        [
