{
    "timestamp": 1777778123,
    "capture_id": 60,
    "lidar_points": [
        [
            -200.8789794119259,
            0.0,
            1503.641125944094
        ],
        [
            -166.60349082487372,
            0.0,
            1506.0630263521398
        ],
        [
            -134.20936934205616,
            0.0,
            1510.2986154005464
        ],
        [
            -101.0339639125178,
            0.0,
            1516.137324959756
        ],
        [
            -66.825317079724,
            0.0,
            1521.0327501395866
        ],
        [
            62.41830550843742,
            0.0,
            756.1782313961804
        ],
        [
            80.71836076825497,
            0.0,
            761.986619787307
        ],
        [
            98.99811094643748,
            0.0,
            768.1468765991546
        ],
        [
            115.64373977853062,
            0.0,
            776.687896101153
        ],
        [
            135.52736707546745,
            0.0,
            786.1535443369771
        ],
        [
            207.7792289925805,
            0.0,
            788.3275680193157
        ],
        [
            295.87890530036117,
            0.0,
            718.1895542948671
        ],
        [
            883.2027498572695,
            0.0,
            1688.7379800148267
        ],
        [
            934.7743405109221,
            0.0,
            1695.08849173793
        ],
        [
            984.077254675346,
            0.0,
            1695.916424630245
        ],
        [
            1036.198088707627,
            0.0,
            1699.2317627265156
        ],
        [
            1082.3201832438328,
            0.0,
            1690.7510966854452
        ],
        [
            825.4452939440341,
            0.0,
            1003.0159852692514
        ],
        [
            863.7517337061959,
            0.0,
            1005.7564342421781
        ],
        [
            909.0816857951629,
            0.0,
            1011.8550049546745
        ],
        [
            1010.0077469769226,
            0.0,
            1030.598540192349
        ],
        [
            1061.370870809981,
            0.0,
            1037.8979355389733
        ],
        [
            1320.5736772204737,
            0.0,
            1085.5760742722716
        ],
        [
            1361.9216015749441,
            0.0,
            1070.0437146040058
        ],
        [
            1381.4249990174433,
            0.0,
            1036.8498129380441
        ],
        [
            1388.8845492049845,
            0.0,
            994.1145351415332
        ],
        [
            1395.2255505862827,
            0.0,
            952.7622541805509
        ],
        [
            1403.476213409545,
            0.0,
            911.9723575271379
        ],
        [
            1410.496218021751,
            0.0,
            873.3735849831598
        ],
        [
            1419.3311351152422,
            0.0,
            835.5286523468111
        ],
        [
            1428.9302047411024,
            0.0,
            799.2158860273929
        ],
        [
            1434.5033555226144,
            0.0,
            760.2317889922518
        ],
        [
            915.6319702055849,
            0.0,
            422.717807925617
        ],
        [
            915.2379798191982,
            0.0,
            398.5505021907174
        ],
        [
            918.6251751996291,
            0.0,
            376.4045031471472
        ],
        [
            921.2247691150172,
            0.0,
            352.1845926058993
        ],
        [
            925.0312574574281,
            0.0,
            331.83540381750936
        ],
        [
            930.0333762044496,
            0.0,
            308.93028201481434
        ],
        [
            934.5641458265497,
            0.0,
            289.07251656892504
        ],
        [
            938.8488682480364,
            0.0,
            266.7185831346986
        ],
        [
            942.2252827428341,
            0.0,
            244.77288771468628
        ],
        [
            946.9138084840614,
            0.0,
            224.8773038841631
        ],
        [
            951.382628960921,
            0.0,
            202.76502610511136
        ],
        [
            954.1059986143135,
            0.0,
            181.68188106738558
        ],
        [
            960.0753967270206,
            0.0,
            138.40242988999216
        ],
        [
            962.457028677099,
            0.0,
            118.70775227443998
        ],
        [
            967.3920158437577,
            0.0,
            99.5436471189946
        ],
        [
            971.8679303495888,
            0.0,
            78.08793733994192
        ],
        [
            976.1470775693025,
            0.0,
            55.963786977920165
        ],
        [
            980.3548072627461,
            0.0,
            35.5731904223378
        ],
        [
            984.6584572276292,
            0.0,
            13.427029087071949
        ],
        [
            988.9623419104654,
            0.0,
            -8.630543607891884
        ],
        [
            995.2855730756569,
            0.0,
            -30.40872452868095
        ],
        [
            1000.6552469161882,
            0.0,
            -51.89486312827603
        ],
        [
            1004.9584700816345,
            0.0,
            -74.9568936868434
        ],
        [
            1008.5586762907508,
            0.0,
            -97.390754071671
        ],
        [
            1679.0926413746365,
            0.0,
            -294.6531251854389
        ],
        [
            2717.157881390978,
            0.0,
            -1256.2226305853956
        ],
        [
            2625.775688866395,
            0.0,
            -1284.223902502289
        ],
        [
            2395.664752630928,
            0.0,
            -1307.5151836601342
        ],
        [
            576.176240620609,
            0.0,
            -389.0931793854811
        ],
        [
            572.9225578159723,
            0.0,
            -403.4975901360551
        ],
        [
            446.15110082779904,
            0.0,
            -351.12570075422144
        ],
        [
            329.6244598598864,
            0.0,
            -317.6204936116027
        ],
        [
            318.21566545239716,
            0.0,
            -322.76051920996787
        ],
        [
            305.750362836473,
            0.0,
            -325.7334464333761
        ],
        [
            295.2653007824696,
            0.0,
            -327.5658745257781
        ],
        [
            286.5973466130296,
            0.0,
            -331.87981396037185
        ],
        [
            277.3219770477007,
            0.0,
            -337.7299528415485
        ],
        [
            268.957153303148,
            0.0,
            -343.4765089304754
        ],
        [
            262.2311318469982,
            0.0,
            -349.57664894875666
        ],
        [
            255.22090671111485,
            0.0,
            -357.1880300031853
        ],
        [
            153.59593254082617,
            0.0,
            -288.68198680713346
        ],
        [
            119.89581930558846,
            0.0,
            -273.08982956719876
        ],
        [
            112.53635769196408,
            0.0,
            -275.93399246454993
        ],
        [
            106.51671107438375,
            0.0,
            -278.84841807314643
        ],
        [
            102.7770530693635,
            0.0,
            -282.37763254616544
        ],
        [
            96.85248627863658,
            0.0,
            -287.8952212205797
        ],
        [
            93.43012242471157,
            0.0,
            -292.7001447278484
        ],
        [
