{
    "timestamp": 1777777999,
    "capture_id": 29,
    "lidar_points": [
        [
            -45.245719026419195,
            0.0,
            485.1447077004781
        ],
        [
            -36.17537415013645,
            0.0,
            490.4175820717459
        ],
        [
            -26.28166632592666,
            0.0,
            496.3046181682502
        ],
        [
            -14.502075255415763,
            0.0,
            501.5403795441462
        ],
        [
            -4.499616241125382,
            0.0,
            499.97975304374336
        ],
        [
            6.859945450238969,
            0.0,
            493.2022948531563
        ],
        [
            17.155161032536117,
            0.0,
            487.4482156598255
        ],
        [
            29.147865783676522,
            0.0,
            480.8674083572901
        ],
        [
            39.850240119236474,
            0.0,
            473.3254254341712
        ],
        [
            50.32246805595781,
            0.0,
            466.5439011591054
        ],
        [
            59.68586653040101,
            0.0,
            460.1451915825212
        ],
        [
            69.56694895659687,
            0.0,
            454.4562708477794
        ],
        [
            76.85929950567943,
            0.0,
            450.2368383190077
        ],
        [
            86.96946078552283,
            0.0,
            444.82791660447236
        ],
        [
            96.55898249941987,
            0.0,
            439.5183305604861
        ],
        [
            106.48327976212555,
            0.0,
            435.1612472763411
        ],
        [
            112.97711396518015,
            0.0,
            426.28297141699045
        ],
        [
            118.65487059357226,
            0.0,
            412.52464675995134
        ],
        [
            140.63939295373603,
            0.0,
            351.40121108158496
        ],
        [
            145.00723526068256,
            0.0,
            339.0419800291006
        ],
        [
            146.82295611621748,
            0.0,
            327.60344863461876
        ],
        [
            1007.0357567660503,
            0.0,
            1683.2591109495377
        ],
        [
            1050.7161253174013,
            0.0,
            1674.3763574829845
        ],
        [
            1109.5581192089908,
            0.0,
            1606.8955605755489
        ],
        [
            1128.695469008532,
            0.0,
            1491.8954724576417
        ],
        [
            834.2776500439508,
            0.0,
            995.3553963972582
        ],
        [
            875.0194848427844,
            0.0,
            1001.6191397659431
        ],
        [
            915.5596540216889,
            0.0,
            1004.6447543423919
        ],
        [
            1015.4531802402969,
            0.0,
            1021.0067770293531
        ],
        [
            1189.2288376884221,
            0.0,
            1053.8765447671017
        ],
        [
            1326.5686647341315,
            0.0,
            1079.034558179442
        ],
        [
            1398.9890537900874,
            0.0,
            993.291341890946
        ],
        [
            1389.80225498171,
            0.0,
            942.9580807478951
        ],
        [
            1391.3618182678103,
            0.0,
            900.327636567096
        ],
        [
            1405.7531335421138,
            0.0,
            867.2578567165177
        ],
        [
            1406.6884163367895,
            0.0,
            824.4743472928038
        ],
        [
            1414.5185126989272,
            0.0,
            789.1308128137023
        ],
        [
            1426.7571920032658,
            0.0,
            755.6283246854609
        ],
        [
            1428.8256085020178,
            0.0,
            717.2579333746255
        ],
        [
            894.9933001979997,
            0.0,
            391.18736572222406
        ],
        [
            897.6643865122295,
            0.0,
            369.5324230532722
        ],
        [
            902.2901703135025,
            0.0,
            349.1829012933348
        ],
        [
            905.6967678196421,
            0.0,
            327.96939988519244
        ],
        [
            909.8075594184648,
            0.0,
            306.3498079402312
        ],
        [
            913.6538751905631,
            0.0,
            286.43122446630525
        ],
        [
            918.9645347133497,
            0.0,
            266.223114021072
        ],
        [
            924.4863214721648,
            0.0,
            246.36477814587292
        ],
        [
            926.2421544403937,
            0.0,
            224.24199280602568
        ],
        [
            927.2504561003448,
            0.0,
            203.18010277018428
        ],
        [
            931.4122322511558,
            0.0,
            183.1578994008146
        ],
        [
            935.3880038382871,
            0.0,
            163.0936303950118
        ],
        [
            938.228950567546,
            0.0,
            142.57431857428392
        ],
        [
            939.5951089421665,
            0.0,
            122.13632241048656
        ],
        [
            944.3006656928969,
            0.0,
            101.59387418516779
        ],
        [
            951.0941600984627,
            0.0,
            83.47131918569335
        ],
        [
            954.4177979683702,
            0.0,
            63.07865662177066
        ],
        [
            956.0891480538379,
            0.0,
            41.743753708626556
        ],
        [
            960.7655552251949,
            0.0,
            21.226113464853807
        ],
        [
            967.4994243802257,
            0.0,
            1.0553785727640503
        ],
        [
            970.5469609476827,
            0.0,
            -19.85344038742835
        ],
        [
            973.8338127606535,
            0.0,
            -42.252427433799944
        ],
        [
            976.4397160858163,
            0.0,
            -63.4644061679506
        ],
        [
            979.1948738748067,
            0.0,
            -83.51623481276702
        ],
        [
            984.5103706380685,
            0.0,
            -106.4631044357288
        ],
        [
            1646.134856091287,
            0.0,
            -304.16448767289927
        ],
        [
            2712.4607068658306,
            0.0,
            -1265.7418679213067
        ],
        [
            2394.63990400978,
            0.0,
            -1314.594155100361
        ],
        [
            1709.2849898642626,
            0.0,
            -1148.862512846828
        ],
        [
            423.75905348021,
            0.0,
            -413.0330823233854
        ],
        [
            306.99794077836464,
            0.0,
            -336.5003928048877
        ],
        [
            270.5538050856682,
            0.0,
            -325.48609963202153
        ],
        [
            103.52110681207081,
            0.0,
            -167.90158708125372
        ],
        [
            98.36101799350789,
            0.0,
            -167.50573912341278
        ],
        [
            93.58677230527398,
            0.0,
            -167.64699833125792
        ],
        [
            89.48505421445043,
            0.0,
            -168.74070366167396
        ],
        [
            85.82923524543513,
            0.0,
            -170.62925416581928
        ],
        [
            82.08655264853428,
            0.0,
            -172.461003923436
        ],
        [
            78.35230697683346,
            0.0,
            -174.18931078400894
        ],
        [
            74.87455633820306,
            0.0,
            -176.527231081092
        ],
        [
