{
    "timestamp": 1777777883,
    "capture_id": 15,
    "lidar_points": [
        [
            -85.61478011369753,
            0.0,
            684.9198288311437
        ],
        [
            -71.537624259617,
            0.0,
            697.0888973547706
        ],
        [
            -54.84833888812381,
            0.0,
            699.3524931829538
        ],
        [
            -40.103398398767524,
            0.0,
            702.8568257026958
        ],
        [
            -24.96335324006689,
            0.0,
            709.3108581538926
        ],
        [
            -8.768413266096427,
            0.0,
            698.9450013619062
        ],
        [
            6.195971564029524,
            0.0,
            688.4721199412346
        ],
        [
            21.602481897313734,
            0.0,
            682.6582840454486
        ],
        [
            38.59382445335946,
            0.0,
            676.3998571215575
        ],
        [
            51.513032694504446,
            0.0,
            668.5182551453737
        ],
        [
            66.50411846726064,
            0.0,
            658.6510473892018
        ],
        [
            80.86509557586528,
            0.0,
            661.5762135366614
        ],
        [
            124.17120612518896,
            0.0,
            563.7367063349839
        ],
        [
            431.23510659196774,
            0.0,
            1516.3734806579198
        ],
        [
            468.66241888915414,
            0.0,
            1515.1737646623133
        ],
        [
            504.8280294487942,
            0.0,
            1515.6368003855168
        ],
        [
            542.8060375504931,
            0.0,
            1515.7379739251546
        ],
        [
            580.1784289404884,
            0.0,
            1513.8839298612513
        ],
        [
            621.5366904497513,
            0.0,
            1522.791747063521
        ],
        [
            664.7371380532671,
            0.0,
            1533.3626771878698
        ],
        [
            780.8336722743594,
            0.0,
            1517.0984934217481
        ],
        [
            831.8667167104669,
            0.0,
            1531.1120192949136
        ],
        [
            874.9193624985704,
            0.0,
            1528.8552446602312
        ],
        [
            917.0252923773514,
            0.0,
            1526.186378900111
        ],
        [
            960.4016445980027,
            0.0,
            1520.3064636952154
        ],
        [
            1008.5298355523155,
            0.0,
            1520.1169801369956
        ],
        [
            1060.8231722407643,
            0.0,
            1522.9544304532037
        ],
        [
            1108.941393150863,
            0.0,
            1519.3452492954402
        ],
        [
            1159.396273961606,
            0.0,
            1520.3763612750445
        ],
        [
            1213.1183164109063,
            0.0,
            1517.439129879142
        ],
        [
            1269.754808743725,
            0.0,
            1518.2731270006018
        ],
        [
            1320.9191602014625,
            0.0,
            1510.369101316848
        ],
        [
            1337.9310711016756,
            0.0,
            1463.2969662651265
        ],
        [
            1342.3997195373304,
            0.0,
            1402.2890413485006
        ],
        [
            1344.5635444262202,
            0.0,
            1344.5635444262202
        ],
        [
            1346.9877860092643,
            0.0,
            1286.6473747075618
        ],
        [
            987.4598536730967,
            0.0,
            853.1987092019691
        ],
        [
            1031.152160808593,
            0.0,
            853.8013725450256
        ],
        [
            1131.9615622825916,
            0.0,
            857.3581640800736
        ],
        [
            1497.9398405391155,
            0.0,
            853.435547727917
        ],
        [
            1514.4420359395829,
            0.0,
            819.6031477362512
        ],
        [
            1512.7785387755412,
            0.0,
            773.9196696816397
        ],
        [
            1514.2516363962818,
            0.0,
            733.9547289657467
        ],
        [
            1514.8630003708824,
            0.0,
            693.358558112127
        ],
        [
            1516.5168310360618,
            0.0,
            652.037010977399
        ],
        [
            1517.271681812215,
            0.0,
            612.5362895949369
        ],
        [
            1515.6203910986035,
            0.0,
            574.2171998347978
        ],
        [
            1518.0585416656604,
            0.0,
            534.7789394468789
        ],
        [
            1516.6374368760034,
            0.0,
            497.820196020799
        ],
        [
            949.6400804200615,
            0.0,
            255.84363908406849
        ],
        [
            951.007308563559,
            0.0,
            232.43515022193935
        ],
        [
            950.5962266181155,
            0.0,
            209.92632979071618
        ],
        [
            947.7864503136549,
            0.0,
            187.98911431740328
        ],
        [
            946.691937562214,
            0.0,
            166.66114680603027
        ],
        [
            948.6594494528182,
            0.0,
            145.483028095637
        ],
        [
            952.0581750352994,
            0.0,
            123.22837071249062
        ],
        [
            952.061920309863,
            0.0,
            101.90363043530944
        ],
        [
            950.7019103873037,
            0.0,
            79.25829663783603
        ],
        [
            951.7215302952501,
            0.0,
            58.20978244648606
        ],
        [
            950.7459121862923,
            0.0,
            37.874271756097244
        ],
        [
            943.847098082211,
            0.0,
            16.98986291260627
        ],
        [
            944.4873213508475,
            0.0,
            -4.89385405389005
        ],
        [
            952.18036620193,
            0.0,
            -24.67387727047411
        ],
        [
            953.3629997884652,
            0.0,
            -46.57510745386081
        ],
        [
            955.4169691363467,
            0.0,
            -66.80926272843604
        ],
        [
            954.8320665405379,
            0.0,
            -89.31251147474163
        ],
        [
            955.6366560876627,
            0.0,
            -110.46529564342995
        ],
        [
            958.8349172327214,
            0.0,
            -132.88943334712584
        ],
        [
            959.2835380414085,
            0.0,
            -155.1552646311347
        ],
        [
            960.3363624118118,
            0.0,
            -175.55094283326747
        ],
        [
            961.1505886125689,
            0.0,
            -198.8260445960548
        ],
        [
            961.7637665687587,
            0.0,
            -221.76441850638295
        ],
        [
            962.4262959231918,
            0.0,
            -242.47035883910627
        ],
        [
            966.0174242985582,
            0.0,
            -267.04943072693345
        ],
        [
            1586.6088574131684,
            0.0,
            -497.403152460939
        ],
        [
            1582.905217721499,
            0.0,
            -535.3989836655029
        ],
        [
            3207.168130363513,
            0.0,
            -1641.8530943968794
        ],
        [
            2506.34436840296,
            0.0,
            -1661.863553206089
        ],
        [
            2408.177658504195,
            0.0,
            -1676.4556145574668
        ],
        [
